"","Rank","Company","Ticker","Sector","Industry","Profitable","Founder_is_CEO","FemaleCEO","Growth_in_Jobs","Change_in_Rank","Gained_in_Rank","Dropped_in_Rank","Newcomer_to_the_Fortune500","Global500","Best_Companies","Number_of_employees","MarketCap_March31_M","RevenuePercentChange","ProfitsPercentChange","CEO","Country","HeadquartersCity","HeadquartersState","Website","CompanyType","Footnote","Revenues","Abs_Profits","Assets","MarketCap_March31"
"1",1,"Walmart","WMT","Retailing","General Merchandisers","yes","false","false","no",0,"no","no","no","yes","no",2100000,397475,6.7,-14.6,"C. Douglas McMillon","U.S.","Bentonville","AR","www.stock.walmart.com","Public","Figures are for fiscal year ended Jan. 31, 2023. Market value as of July 17, 2023.",6.11289e+11,1.168e+10,2.43197e+11,3.97475e+11
"2",2,"Amazon","AMZN","Retailing","Internet Services and Retailing","no","false","false","no",0,"no","no","no","yes","no",1541000,1058440,9.4,-108.2,"Andrew R. Jassy","U.S.","Seattle","WA","www.amazon.com","Public","Market value as of July 17, 2023.",5.13983e+11,2.722e+09,4.62675e+11,1.05844e+12
"3",3,"Exxon Mobil","XOM","Energy","Petroleum Refining","yes","false","false","no",3,"yes","no","no","yes","no",62000,446424,44.8,141.9,"Darren W. Woods","U.S.","Irving","TX","www.exxonmobil.com","Public","Excise taxes have been deducted. Market value as of July 17, 2023.",4.1368e+11,5.574e+10,3.69067e+11,4.46424e+11
"4",4,"Apple","AAPL","Technology","Computers, Office Equipment","yes","false","false","yes",-1,"no","yes","no","yes","no",164000,2609039,7.8,5.4,"Timothy D. Cook","U.S.","Cupertino","CA","www.apple.com","Public","Figures are for fiscal year ended Sept. 30, 2022. Market value as of July 17, 2023.",3.94328e+11,9.9803e+10,3.52755e+11,2.609039e+12
"5",5,"UnitedHealth Group","UNH","Health Care","Health Care: Insurance and Managed Care","yes","false","false","yes",0,"no","no","no","yes","no",400000,440854,12.7,16.4,"Andrew P. Witty","U.S.","Minnetonka","MN","www.unitedhealthgroup.com","Public","Market value as of July 17, 2023.",3.24162e+11,2.012e+10,2.45705e+11,4.40854e+11
"6",6,"CVS Health","CVS","Health Care","Health Care: Pharmacy and Other Services","yes","false","true","yes",-2,"no","yes","no","yes","no",259500,95422,10.4,-47.5,"Karen S. Lynch","U.S.","Woonsocket","RI","www.cvshealth.com","Public","Market value as of July 17, 2023.",3.22467e+11,4.149e+09,2.28275e+11,9.5422e+10
"7",7,"Berkshire Hathaway","BRKA","Financials","Insurance: Property and Casualty (Stock)","no","false","false","yes",0,"no","no","no","yes","no",383000,675657,9.4,-125.4,"Warren E. Buffett","U.S.","Omaha","NE","www.berkshirehathaway.com","Public","Market value as of July 17, 2023.",3.02089e+11,2.2819e+10,9.48452e+11,6.75657e+11
"8",8,"Alphabet","GOOGL","Technology","Internet Services and Retailing","yes","false","false","yes",0,"no","no","no","yes","no",190234,1330201,9.8,-21.1,"Sundar Pichai","U.S.","Mountain View","CA","www.abc.xyz","Public","Market value as of July 17, 2023.",2.82836e+11,5.9972e+10,3.65264e+11,1.330201e+12
"9",9,"McKesson","MCK","Health Care","Wholesalers: Health Care","yes","false","false","no",0,"no","no","no","yes","no",66500,48757,10.8,NA,"Brian S. Tyler","U.S.","Irving","TX","www.mckesson.com","Public","Figures are for fiscal year ended March 31, 2023. Market value as of July 17, 2023.",2.63966e+11,1.114e+09,6.3298e+10,4.8757e+10
"10",10,"Chevron","CVX","Energy","Petroleum Refining","yes","false","false","yes",6,"yes","no","no","yes","no",43846,311093,51.6,127,"Michael K. Wirth","U.S.","San Ramon","CA","www.chevron.com","Public","Excise taxes have been deducted. Market value as of July 17, 2023.",2.46252e+11,3.5465e+10,2.57709e+11,3.11093e+11
"11",11,"AmerisourceBergen","ABC","Health Care","Wholesalers: Health Care","yes","false","false","yes",-1,"no","yes","no","yes","no",41500,32384,11.5,10.3,"Steven H. Collis","U.S.","Conshohocken","PA","www.amerisourcebergen.com","Public","Figures are for fiscal year ended Sept. 30, 2022. Market value as of July 17, 2023.",2.38587e+11,1.699e+09,5.6561e+10,3.2384e+10
"12",12,"Costco Wholesale","COST","Retailing","General Merchandisers","yes","false","false","yes",-1,"no","yes","no","yes","no",304000,220354,15.8,16.7,"W. Craig Jelinek","U.S.","Issaquah","WA","www.costco.com","Public","Figures are for fiscal year ended Aug. 31, 2022. Market value as of July 17, 2023.",2.26954e+11,5.844e+09,6.4166e+10,2.20354e+11
"13",13,"Microsoft","MSFT","Technology","Computer Software","yes","false","false","yes",1,"yes","no","no","yes","no",221000,2146049,18,18.7,"Satya Nadella","U.S.","Redmond","WA","www.microsoft.com","Public","Figures are for fiscal year ended June 30, 2022. Market value as of July 17, 2023.",1.9827e+11,7.2738e+10,3.6484e+11,2.146049e+12
"14",14,"Cardinal Health","CAH","Health Care","Wholesalers: Health Care","no","false","false","no",1,"yes","no","no","yes","no",46035,19452,11.6,-252.7,"Jason Hollar","U.S.","Dublin","OH","www.cardinalhealth.com","Public","Figures are for fiscal year ended June 30, 2022. Market value as of July 17, 2023.",1.81364e+11,9.33e+08,4.3878e+10,1.9452e+10
"15",15,"Cigna","CI","Health Care","Health Care: Pharmacy and Other Services","yes","false","false","no",-3,"no","yes","no","yes","no",70231,75901,3.7,24.3,"David M. Cordani","U.S.","Bloomfield","CT","www.thecignagroup.com","Public","Market value as of July 17, 2023.",1.80516e+11,6.668e+09,1.43932e+11,7.5901e+10
"16",16,"Marathon Petroleum","MPC","Energy","Petroleum Refining","yes","false","false","yes",3,"yes","no","no","yes","no",17800,59544,27.6,49.1,"Michael J. Hennigan","U.S.","Findlay","OH","www.marathonpetroleum.com","Public","Includes revenues from discontinued operations. Excise taxes have been deducted. Market value as of July 17, 2023.",1.80012e+11,1.4516e+10,8.9904e+10,5.9544e+10
"17",17,"Phillips 66","PSX","Energy","Petroleum Refining","yes","false","false","no",12,"yes","no","no","yes","no",13000,46727,53,737.1,"Mark E. Lashier","U.S.","Houston","TX","www.phillips66.com","Public","Excise taxes have been deducted. Market value as of July 17, 2023.",1.75702e+11,1.1024e+10,7.6442e+10,4.6727e+10
"18",18,"Valero Energy","VLO","Energy","Petroleum Refining","yes","false","false","no",12,"yes","no","no","yes","no",9743,51351,58,1139.6,"R. Lane Riggs","U.S.","San Antonio","TX","www.valero.com","Public","Excise taxes have been deducted. Market value as of July 17, 2023.",1.71189e+11,1.1528e+10,6.0982e+10,5.1351e+10
"19",19,"Ford Motor","F","Motor Vehicles & Parts","Motor Vehicles & Parts","no","false","false","no",3,"yes","no","no","yes","no",173000,50400,15.9,-111,"James D. Farley Jr.","U.S.","Dearborn","MI","www.ford.com","Public","Market value as of July 17, 2023.",1.58057e+11,1.981e+09,2.55884e+11,5.04e+10
"20",20,"Home Depot","HD","Retailing","Specialty Retailers: Other","yes","false","false","no",-3,"no","yes","no","yes","no",471600,299534,4.1,4.1,"Edward P. Decker","U.S.","Atlanta","GA","www.homedepot.com","Public","Figures are for fiscal year ended Jan. 31, 2023. Market value as of July 17, 2023.",1.57403e+11,1.7105e+10,7.6445e+10,2.99534e+11
"21",21,"General Motors","GM","Motor Vehicles & Parts","Motor Vehicles & Parts","yes","false","true","yes",4,"yes","no","no","yes","no",167000,51155,23.4,-0.8,"Mary T. Barra","U.S.","Detroit","MI","www.gm.com","Public","Market value as of July 17, 2023.",1.56735e+11,9.934e+09,2.64037e+11,5.1155e+10
"22",22,"Elevance Health","ELV","Health Care","Health Care: Insurance and Managed Care","yes","false","true","yes",-2,"no","yes","no","yes","yes",102300,109098,13,-1.3,"Gail K. Boudreaux","U.S.","Indianapolis","IN","www.elevancehealth.com","Public","Market value as of July 17, 2023.",1.56595e+11,6.025e+09,1.02772e+11,1.09098e+11
"23",23,"JPMorgan Chase","JPM","Financials","Commercial Banks","yes","false","false","yes",1,"yes","no","no","yes","no",293723,383549,21.7,-22.1,"James Dimon","U.S.","New York","NY","www.jpmorganchase.com","Public","Market value as of July 17, 2023.",1.54792e+11,3.7676e+10,3.665743e+12,3.83549e+11
"24",24,"Kroger","KR","Food & Drug Stores","Food and Drug Stores","yes","false","false","yes",-3,"no","yes","no","yes","no",430000,35421,7.5,35.6,"W. Rodney McMullen","U.S.","Cincinnati","OH","www.thekrogerco.com","Public","Figures are for fiscal year ended Jan. 31, 2023. Market value as of July 17, 2023.",1.48258e+11,2.244e+09,4.9623e+10,3.5421e+10
"25",25,"Centene","CNC","Health Care","Health Care: Insurance and Managed Care","yes","false","true","yes",1,"yes","no","no","yes","no",74300,34810,14.7,-10.8,"Sarah M. London","U.S.","St. Louis","MO","www.centene.com","Public","Market value as of July 17, 2023.",1.44547e+11,1.202e+09,7.687e+10,3.481e+10
"26",26,"Verizon Communications","VZ","Telecommunications","Telecommunications","yes","false","false","no",-3,"no","yes","no","yes","no",117100,163333,2.4,-3.7,"Hans E. Vestberg","U.S.","New York","NY","www.verizon.com","Public","Market value as of July 17, 2023.",1.36835e+11,2.1256e+10,3.7968e+11,1.63333e+11
"27",27,"Walgreens Boots Alliance","WBA","Food & Drug Stores","Food and Drug Stores","yes","false","true","yes",-9,"no","yes","no","yes","no",262500,29836,-10.7,70.6,"Ginger Graham","U.S.","Deerfield","IL","www.walgreensbootsalliance.com","Public","Figures are for fiscal year ended Aug. 31, 2022. Market value as of July 17, 2023.",1.32703e+11,4.337e+09,9.0124e+10,2.9836e+10
"28",28,"Fannie Mae","FNMA","Financials","Diversified Financials","yes","false","true","yes",5,"yes","no","no","yes","no",8000,475,19.7,-41.7,"Priscilla Almodovar","U.S.","Washington","DC","www.fanniemae.com","Public","Company's senior preferred stock is owned by the U.S. Treasury, which also holds a warrant to purchase 79.9% of the common stock. Market value as of July 17, 2023.",1.21596e+11,1.2923e+10,4.305288e+12,4.75e+08
"29",29,"Comcast","CMCSA","Telecommunications","Telecommunications","yes","false","false","no",-1,"no","yes","no","yes","yes",186000,159831,4.3,-62.1,"Brian L. Roberts","U.S.","Philadelphia","PA","www.comcastcorporation.com","Public","Market value as of July 17, 2023.",1.21427e+11,5.37e+09,2.57275e+11,1.59831e+11
"30",30,"AT&T","T","Telecommunications","Telecommunications","no","false","false","no",-17,"no","yes","no","yes","no",160700,137250,-28.5,-142.4,"John T. Stankey","U.S.","Dallas","TX","www.att.com","Public","Market value as of July 17, 2023.",1.20741e+11,8.524e+09,4.02853e+11,1.3725e+11
"31",31,"Meta Platforms","META","Technology","Internet Services and Retailing","yes","true","false","yes",-4,"no","yes","no","yes","no",86482,549484,-1.1,-41.1,"Mark Zuckerberg","U.S.","Menlo Park","CA","investor.fb.com","Public","Market value as of July 17, 2023.",1.16609e+11,2.32e+10,1.85727e+11,5.49484e+11
"32",32,"Bank of America","BAC","Financials","Commercial Banks","yes","false","false","yes",4,"yes","no","no","yes","yes",216823,228780,22.6,-13.9,"Brian T. Moynihan","U.S.","Charlotte","NC","www.bankofamerica.com","Public","Market value as of July 17, 2023.",1.15053e+11,2.7528e+10,3.051375e+12,2.2878e+11
"33",33,"Target","TGT","Retailing","General Merchandisers","yes","false","false","no",-1,"no","yes","no","yes","yes",440000,76250,2.9,-60,"Brian C. Cornell","U.S.","Minneapolis","MN","www.target.com","Public","Figures are for fiscal year ended Jan. 31, 2023. Market value as of July 17, 2023.",1.0912e+11,2.78e+09,5.3335e+10,7.625e+10
"34",34,"Dell Technologies","DELL","Technology","Computers, Office Equipment","yes","true","false","no",-3,"no","yes","no","yes","no",133000,29402,-4.4,-56.1,"Michael S. Dell","U.S.","Round Rock","TX","www.delltechnologies.com","Public","Figures are for fiscal year ended Jan. 31, 2023. Market value as of July 17, 2023.",1.02301e+11,2.442e+09,8.9611e+10,2.9402e+10
"35",35,"Archer Daniels Midland","ADM","Food, Beverages & Tobacco","Food Production","yes","false","false","yes",3,"yes","no","no","yes","no",41181,43530,19.1,60.2,"Juan R. Luciano","U.S.","Chicago","IL","www.adm.com","Public","Market value as of July 17, 2023.",1.01556e+11,4.34e+09,5.9774e+10,4.353e+10
"36",36,"Citigroup","C","Financials","Commercial Banks","yes","false","true","yes",8,"yes","no","no","yes","no",238104,91270,26.6,-32.4,"Jane Fraser","U.S.","New York","NY","www.citigroup.com","Public","Market value as of July 17, 2023.",1.01078e+11,1.4845e+10,2.416676e+12,9.127e+10
"37",37,"United Parcel Service","UPS","Transportation","Mail, Package, and Freight Delivery","yes","false","true","yes",-3,"no","yes","no","yes","no",404700,166189,3.1,-10.4,"Carol B. Tomé","U.S.","Atlanta","GA","www.ups.com","Public","Market value as of July 17, 2023.",1.00338e+11,1.1548e+10,7.1124e+10,1.66189e+11
"38",38,"Pfizer","PFE","Health Care","Pharmaceuticals","yes","false","false","yes",5,"yes","no","no","yes","no",83000,230292,23.4,42.7,"Albert Bourla","U.S.","New York","NY","www.pfizer.com","Public","Market value as of July 17, 2023.",1.0033e+11,3.1372e+10,1.97205e+11,2.30292e+11
"39",39,"Lowe's","LOW","Retailing","Specialty Retailers: Other","yes","false","false","no",-4,"no","yes","no","yes","no",244500,119253,0.8,-23.8,"Marvin R. Ellison","U.S.","Mooresville","NC","www.lowes.com","Public","Figures are for fiscal year ended Jan. 31, 2023. Market value as of July 17, 2023.",9.7059e+10,6.437e+09,4.3708e+10,1.19253e+11
"40",40,"Johnson & Johnson","JNJ","Health Care","Pharmaceuticals","yes","false","false","yes",-3,"no","yes","no","yes","no",152700,483576,1.2,-14.1,"Joaquin Duato","U.S.","New Brunswick","NJ","www.jnj.com","Public","Market value as of July 17, 2023.",9.4943e+10,1.7941e+10,1.87378e+11,4.83576e+11
"41",41,"FedEx","FDX","Transportation","Mail, Package, and Freight Delivery","yes","false","false","no",-2,"no","yes","no","yes","no",464400,57431,11.4,-26.9,"Rajesh Subramaniam","U.S.","Memphis","TN","www.fedex.com","Public","Figures are for fiscal year ended May 31, 2022. Market value as of July 17, 2023.",9.3512e+10,3.826e+09,8.5994e+10,5.7431e+10
"42",42,"Humana","HUM","Health Care","Health Care: Insurance and Managed Care","yes","false","false","no",-2,"no","yes","no","yes","no",67100,60719,11.8,-4.3,"Bruce D. Broussard","U.S.","Louisville","KY","www.humana.com","Public","Market value as of July 17, 2023.",9.287e+10,2.806e+09,4.3055e+10,6.0719e+10
"43",43,"Energy Transfer","ET","Energy","Pipelines","yes","false","false","yes",11,"yes","no","no","yes","no",12565,38590,33.3,-13.1,"Thomas E. Long/Marshall S. McCrea III","U.S.","Dallas","TX","www.energytransfer.com","Public","A partnership. Market value as of July 17, 2023.",8.9876e+10,4.756e+09,1.05643e+11,3.859e+10
"44",44,"State Farm Insurance","","Financials","Insurance: Property and Casualty (Mutual)","no","false","false","yes",-2,"no","yes","no","yes","no",60519,NA,8.6,-619.5,"Michael L. Tipsord","U.S.","Bloomington","IL","www.statefarm.com","Private","",8.9328e+10,6.654e+09,3.18243e+11,NA
"45",45,"Freddie Mac","FMCC","Financials","Diversified Financials","yes","false","false","yes",11,"yes","no","no","yes","no",7819,266,31.6,-23,"Michael J. DeVito","U.S.","McLean","VA","www.freddiemac.com","Public","Company&#039;s senior preferred stock is owned by the U.S. Treasury, which also holds a warrant to purchase 79.9% of the common stock. Market value as of July 17, 2023.",8.6717e+10,9.327e+09,3.208333e+12,2.66e+08
"46",46,"PepsiCo","PEP","Food, Beverages & Tobacco","Food Consumer Products","yes","false","false","yes",-1,"no","yes","no","yes","no",315000,251085,8.7,17,"Ramon L. Laguarta","U.S.","Purchase","NY","www.pepsico.com","Public","Market value as of July 17, 2023.",8.6392e+10,8.91e+09,9.2187e+10,2.51085e+11
"47",47,"Wells Fargo","WFC","Financials","Commercial Banks","yes","false","false","no",-6,"no","yes","no","yes","no",238000,141188,0.5,-38.8,"Charles W. Scharf","U.S.","San Francisco","CA","www.wellsfargo.com","Public","Market value as of July 17, 2023.",8.2859e+10,1.3182e+10,1.881016e+12,1.41188e+11
"48",48,"Walt Disney","DIS","Media","Entertainment","yes","false","false","yes",5,"yes","no","no","yes","no",195800,182920,22.7,57.6,"Robert A. Iger","U.S.","Burbank","CA","www.thewaltdisneycompany.com","Public","Figures are for fiscal year ended Sept. 30, 2022. Market value as of July 17, 2023.",8.2722e+10,3.145e+09,2.03631e+11,1.8292e+11
"49",49,"ConocoPhillips","COP","Energy","Mining, Crude-Oil Production","yes","false","false","no",28,"yes","no","no","yes","no",9500,120777,69.9,131.2,"Ryan M. Lance","U.S.","Houston","TX","www.conocophillips.com","Public","Market value as of July 17, 2023.",8.2156e+10,1.868e+10,9.3829e+10,1.20777e+11
"50",50,"Tesla","TSLA","Motor Vehicles & Parts","Motor Vehicles & Parts","yes","true","false","yes",15,"yes","no","no","yes","no",127855,656425,51.4,127.5,"Elon Musk","U.S.","Austin","TX","www.tesla.com","Public","Market value as of July 17, 2023.",8.1462e+10,1.2556e+10,8.2338e+10,6.56425e+11
"51",51,"Procter & Gamble","PG","Household Products","Household and Personal Products","yes","false","false","yes",-4,"no","yes","no","yes","no",106000,350781,5.3,3,"Jon R. Moeller","U.S.","Cincinnati","OH","www.pg.com","Public","Figures are for fiscal year ended June 30, 2022. Market value as of July 17, 2023.",8.0187e+10,1.4742e+10,1.17208e+11,3.50781e+11
"52",52,"General Electric","GE","Industrials","Industrial Machinery","yes","false","false","yes",-4,"no","yes","no","yes","no",172000,104231,3.2,NA,"H. Lawrence Culp Jr.","U.S.","Boston","MA","www.ge.com","Public","Market value as of July 17, 2023.",7.6555e+10,2.25e+08,1.87788e+11,1.04231e+11
"53",53,"Albertsons","ACI","Food & Drug Stores","Food and Drug Stores","yes","false","false","no",-1,"no","yes","no","yes","no",195750,11132,3.2,90.5,"Vivek Sankaran","U.S.","Boise","ID","www.albertsonscompanies.com","Public","Figures are for fiscal year ended Feb. 28, 2023. Market value as of July 17, 2023.",7.1887e+10,1.62e+09,2.8123e+10,1.1132e+10
"54",54,"MetLife","MET","Financials","Insurance: Life, Health (stock)","yes","false","false","yes",-4,"no","yes","no","yes","yes",45000,44867,-1.7,-61.3,"Michel A. Khalaf","U.S.","New York","NY","www.metlife.com","Public","Market value as of July 17, 2023.",6.9898e+10,2.539e+09,6.66611e+11,4.4867e+10
"55",55,"Goldman Sachs Group","GS","Financials","Commercial Banks","yes","false","false","yes",2,"yes","no","no","yes","no",48500,113964,5.7,-48,"David M. Solomon","U.S.","New York","NY","www.goldmansachs.com","Public","Market value as of July 17, 2023.",6.8711e+10,1.1261e+10,1.441799e+12,1.13964e+11
"56",56,"Sysco","SYY","Wholesalers","Wholesalers: Food and Grocery","yes","false","false","yes",14,"yes","no","no","yes","no",70510,39202,33.8,159.2,"Kevin P. Hourican","U.S.","Houston","TX","www.sysco.com","Public","Figures are for fiscal year ended June 30, 2022. Market value as of July 17, 2023.",6.8636e+10,1.359e+09,2.2086e+10,3.9202e+10
"57",57,"RTX","RTX","Aerospace & Defense","Aerospace & Defense","yes","false","false","yes",1,"yes","no","no","yes","no",182000,143292,4.2,34.5,"Gregory J. Hayes","U.S.","Arlington","VA","www.rtx.com","Public","Changed name from Raytheon Technologies, July 17, 2023. Market value as of July 17, 2023.",6.7074e+10,5.197e+09,1.58864e+11,1.43292e+11
"58",58,"Boeing","BA","Aerospace & Defense","Aerospace & Defense","no","false","false","yes",2,"yes","no","no","yes","no",156000,127283,6.9,NA,"David L. Calhoun","U.S.","Arlington","VA","www.boeing.com","Public","Market value as of July 17, 2023.",6.6608e+10,4.935e+09,1.371e+11,1.27283e+11
"59",59,"StoneX Group","SNEX","Financials","Diversified Financials","yes","false","false","yes",28,"yes","no","no","yes","no",3615,2138,55.3,78.1,"Sean M. O&#039;Connor","U.S.","New York","NY","www.stonex.com","Public","Figures are for fiscal year ended Sept. 30, 2022. Company reports sale of physical commodities on a gross basis. Market value as of July 17, 2023.",6.6036e+10,2.07e+08,1.986e+10,2.138e+09
"60",60,"Lockheed Martin","LMT","Aerospace & Defense","Aerospace & Defense","yes","false","false","yes",-5,"no","yes","no","yes","no",116000,120319,-1.6,-9.2,"James D. Taiclet Jr.","U.S.","Bethesda","MD","www.lockheedmartin.com","Public","Market value as of July 17, 2023.",6.5984e+10,5.732e+09,5.288e+10,1.20319e+11
"61",61,"Morgan Stanley","MS","Financials","Commercial Banks","yes","false","false","yes",0,"no","no","no","yes","no",82427,147674,7.9,-26.6,"James P. Gorman","U.S.","New York","NY","www.morganstanley.com","Public","Market value as of July 17, 2023.",6.5936e+10,1.1029e+10,1.180231e+12,1.47674e+11
"62",62,"Intel","INTC","Technology","Semiconductors and Other Electronic Components","yes","false","false","yes",-16,"no","yes","no","yes","no",131900,136268,-20.2,-59.7,"Patrick P. Gelsinger","U.S.","Santa Clara","CA","www.intel.com","Public","Market value as of July 17, 2023.",6.3054e+10,8.014e+09,1.82103e+11,1.36268e+11
"63",63,"HP","HPQ","Technology","Computers, Office Equipment","yes","false","false","yes",-4,"no","yes","no","yes","yes",58000,28919,-0.8,-50.7,"Enrique J. Lores","U.S.","Palo Alto","CA","www.hp.com","Public","Figures are for fiscal year ended Oct. 31, 2022. Market value as of July 17, 2023.",6.2983e+10,3.203e+09,3.8587e+10,2.8919e+10
"64",64,"TD Synnex","SNX","Wholesalers","Wholesalers: Electronics and Office Equipment","yes","false","false","yes",45,"yes","no","no","yes","no",28500,9061,97.2,64.9,"Richard T. Hume","U.S.","Fremont","CA","www.tdsynnex.com","Public","Figures are for fiscal year ended Nov. 30, 2022. Market value as of July 17, 2023.",6.2344e+10,6.51e+08,2.9734e+10,9.061e+09
"65",65,"IBM","IBM","Technology","Information Technology Services","yes","false","false","yes",-16,"no","yes","no","yes","no",303100,118913,-16.3,-71.5,"Arvind Krishna","U.S.","Armonk","NY","www.ibm.com","Public","Market value as of July 17, 2023.",6.053e+10,1.639e+09,1.27243e+11,1.18913e+11
"66",66,"HCA Healthcare","HCA","Health Care","Health Care: Medical Facilities","yes","false","false","yes",-4,"no","yes","no","yes","no",250500,73107,2.5,-18.9,"Samuel N. Hazen","U.S.","Nashville","TN","www.hcahealthcare.com","Public","Market value as of July 17, 2023.",6.0233e+10,5.643e+09,5.2438e+10,7.3107e+10
"67",67,"Prudential Financial","PRU","Financials","Insurance: Life, Health (stock)","no","false","false","no",-16,"no","yes","no","yes","no",39583,30363,-15.3,-118.6,"Charles F. Lowrey","U.S.","Newark","NJ","www.prudential.com","Public","Market value as of July 17, 2023.",6.005e+10,1.438e+09,6.89917e+11,3.0363e+10
"68",68,"Caterpillar","CAT","Industrials","Construction and Farm Machinery","yes","false","false","yes",5,"yes","no","no","yes","no",109100,118161,16.6,3.3,"D. James Umpleby III","U.S.","Irving","TX","www.caterpillar.com","Public","Market value as of July 17, 2023.",5.9427e+10,6.705e+09,8.1943e+10,1.18161e+11
"69",69,"Merck","MRK","Health Care","Pharmaceuticals","yes","false","false","yes",2,"yes","no","no","yes","yes",68000,270081,15.8,11.3,"Robert M. Davis","U.S.","Rahway","NJ","www.merck.com","Public","Market value as of July 17, 2023.",5.9283e+10,1.4519e+10,1.0916e+11,2.70081e+11
"70",70,"World Kinect","WKC","Energy","Energy","yes","false","false","yes",41,"yes","no","no","yes","no",5214,1585,88.4,54.8,"Michael J. Kasbar","U.S.","Miami","FL","www.world-kinect.com","Public","Changed name from World Fuel Services, June 16, 2023. Market value as of July 17, 2023.",5.9043e+10,1.14e+08,8.165e+09,1.585e+09
"71",71,"New York Life Insurance","","Financials","Insurance: Life, Health (Mutual)","no","false","false","yes",1,"yes","no","no","yes","no",15050,NA,14.2,-506.6,"Craig DeSanto","U.S.","New York","NY","www.newyorklife.com","Private","",5.8445e+10,1.127e+09,3.92126e+11,NA
"72",72,"Enterprise Products Partners","EPD","Energy","Pipelines","yes","false","false","yes",17,"yes","no","no","yes","no",7300,56224,42.6,18.4,"A. James Teague/W. Randall Fowler","U.S.","Houston","TX","www.enterpriseproducts.com","Public","A partnership. Market value as of July 17, 2023.",5.8186e+10,5.49e+09,6.8108e+10,5.6224e+10
"73",73,"AbbVie","ABBV","Health Care","Pharmaceuticals","yes","false","false","no",-10,"no","yes","no","yes","yes",50000,281151,3.3,2.5,"Richard A. Gonzalez","U.S.","North Chicago","IL","www.abbvie.com","Public","Market value as of July 17, 2023.",5.8054e+10,1.1836e+10,1.38805e+11,2.81151e+11
"74",74,"Plains GP Holdings","PAGP","Energy","Pipelines","yes","false","false","no",14,"yes","no","no","yes","no",4100,2551,36.3,180,"Wilfred C.W. Chiang","U.S.","Houston","TX","www.plains.com","Public","A partnership. Market value as of July 17, 2023.",5.7342e+10,1.68e+08,2.9207e+10,2.551e+09
"75",75,"Dow","DOW","Chemicals","Chemicals","yes","false","false","yes",-11,"no","yes","no","yes","yes",37800,38812,3.5,-27.4,"James R. Fitterling","U.S.","Midland","MI","www.dow.com","Public","Market value as of July 17, 2023.",5.6902e+10,4.582e+09,6.0603e+10,3.8812e+10
"76",76,"American International Group","AIG","Financials","Insurance: Property and Casualty (Stock)","yes","false","false","no",-9,"no","yes","no","yes","no",26200,36948,8.4,9.5,"Peter S. Zaffino","U.S.","New York","NY","www.aig.com","Public","Market value as of July 17, 2023.",5.6437e+10,1.0276e+10,5.26634e+11,3.6948e+10
"77",77,"American Express","AXP","Financials","Diversified Financials","yes","false","false","yes",8,"yes","no","no","yes","yes",77300,122734,27.4,-6.8,"Stephen J. Squeri","U.S.","New York","NY","www.americanexpress.com","Public","Market value as of July 17, 2023.",5.5625e+10,7.514e+09,2.28354e+11,1.22734e+11
"78",78,"Publix Super Markets","","Food & Drug Stores","Food and Drug Stores","yes","false","false","yes",-2,"no","yes","no","yes","yes",242000,NA,13.5,-33.9,"Randall T. Jones Sr.","U.S.","Lakeland","FL","www.publix.com","Private","",5.4942e+10,2.918e+09,3.1047e+10,NA
"79",79,"Charter Communications","CHTR","Telecommunications","Telecommunications","yes","false","false","yes",-10,"no","yes","no","yes","no",101700,60477,4.5,8.6,"Christopher L. Winfrey","U.S.","Stamford","CT","www.charter.com","Public","Market value as of July 17, 2023.",5.4022e+10,5.055e+09,1.44523e+11,6.0477e+10
"80",80,"Tyson Foods","TSN","Food, Beverages & Tobacco","Food Production","yes","false","false","yes",1,"yes","no","no","yes","no",142000,21096,13.2,6.3,"Donnie D. King","U.S.","Springdale","AR","www.tysonfoods.com","Public","Figures are for fiscal year ended Sept. 30, 2022. Market value as of July 17, 2023.",5.3282e+10,3.238e+09,3.6821e+10,2.1096e+10
"81",81,"Deere","DE","Industrials","Construction and Farm Machinery","yes","false","false","yes",3,"yes","no","no","yes","no",82239,122346,19.4,19.6,"John C. May","U.S.","Moline","IL","www.deere.com","Public","Figures are for fiscal year ended Oct. 31, 2022. Market value as of July 17, 2023.",5.2577e+10,7.131e+09,9.003e+10,1.22346e+11
"82",82,"Cisco Systems","CSCO","Technology","Network and Other Communications Equipment","yes","false","false","yes",-8,"no","yes","no","yes","yes",83300,214109,3.5,11.5,"Charles H. Robbins","U.S.","San Jose","CA","www.cisco.com","Public","Figures are for fiscal year ended July 31, 2022. Market value as of July 17, 2023.",5.1557e+10,1.1812e+10,9.4002e+10,2.14109e+11
"83",83,"Nationwide","","Financials","Insurance: Property and Casualty (Mutual)","yes","false","false","yes",-3,"no","yes","no","yes","yes",24791,NA,8.6,-38.9,"Kirt A. Walker","U.S.","Columbus","OH","www.nationwide.com","Private","",5.145e+10,9.88e+08,2.64511e+11,NA
"84",84,"Allstate","ALL","Financials","Insurance: Property and Casualty (Stock)","no","false","false","no",-18,"no","yes","no","yes","no",54250,29180,-3.4,-182,"Thomas J. Wilson","U.S.","Northbrook","IL","www.allstate.com","Public","Market value as of July 17, 2023.",5.1412e+10,1.311e+09,9.7957e+10,2.918e+10
"85",85,"Delta Air Lines","DAL","Transportation","Airlines","yes","false","false","yes",28,"yes","no","no","yes","no",95000,22392,69.2,370.7,"Edward H. Bastian","U.S.","Atlanta","GA","www.delta.com","Public","Market value as of July 17, 2023.",5.0582e+10,1.318e+09,7.2288e+10,2.2392e+10
"86",86,"Liberty Mutual Insurance Group","","Financials","Insurance: Property and Casualty (Stock)","yes","false","false","yes",-8,"no","yes","no","yes","no",50000,NA,3.6,-86.5,"Timothy M. Sweeney","U.S.","Boston","MA","www.libertymutual.com","Private","",4.9956e+10,4.14e+08,1.60316e+11,NA
"87",87,"TJX","TJX","Retailing","Specialty Retailers: Apparel","yes","false","false","no",-12,"no","yes","no","yes","no",329000,90315,2.9,6.6,"Ernie L. Herrman","U.S.","Framingham","MA","www.tjx.com","Public","Figures are for fiscal year ended Jan. 31, 2023. Market value as of July 17, 2023.",4.9936e+10,3.498e+09,2.8349e+10,9.0315e+10
"88",88,"Progressive","PGR","Financials","Insurance: Property and Casualty (Stock)","yes","false","true","yes",-9,"no","yes","no","yes","yes",55063,83743,4,-78.5,"Susan Patricia Griffith","U.S.","Mayfield Village","OH","www.progressive.com","Public","Market value as of July 17, 2023.",4.9611e+10,7.22e+08,7.5465e+10,8.3743e+10
"89",89,"American Airlines Group","AAL","Transportation","Airlines","yes","false","false","yes",25,"yes","no","no","yes","no",129700,9629,63.9,NA,"Robert D. Isom","U.S.","Fort Worth","TX","www.aa.com","Public","Market value as of July 17, 2023.",4.8971e+10,1.27e+08,6.4716e+10,9.629e+09
"90",90,"CHS","","Food, Beverages & Tobacco","Food Production","yes","false","false","yes",5,"yes","no","no","yes","no",10014,NA,24.3,203.1,"Jay D. Debertin","U.S.","Inver Grove Heights","MN","www.chsinc.com","Private","A cooperative. Figures are for fiscal year ended Aug. 31, 2022.",4.7792e+10,1.679e+09,1.8825e+10,NA
"91",91,"Performance Food Group","PFGC","Wholesalers","Wholesalers: Food and Grocery","yes","false","false","yes",21,"yes","no","no","yes","no",34825,9422,61.6,176.4,"George L. Holm","U.S.","Richmond","VA","www.pfgc.com","Public","Figures are for fiscal year ended June 30, 2022. Excise taxes have been deducted. Market value as of July 17, 2023.",4.7194e+10,1.13e+08,1.2378e+10,9.422e+09
"92",92,"PBF Energy","PBF","Energy","Petroleum Refining","yes","false","false","yes",38,"yes","no","no","no","no",3616,5589,71.8,1145.4,"Thomas J. Nimbley","U.S.","Parsippany","NJ","www.pbfenergy.com","Public","Excise taxes have been deducted. Market value as of July 17, 2023.",4.683e+10,2.877e+09,1.3549e+10,5.589e+09
"93",93,"Nike","NKE","Apparel","Apparel","yes","false","false","yes",-10,"no","yes","no","yes","no",79100,190161,4.9,5.6,"John J. Donahoe II","U.S.","Beaverton","OR","www.nike.com","Public","Figures are for fiscal year ended May 31, 2022. Market value as of July 17, 2023.",4.671e+10,6.046e+09,4.0321e+10,1.90161e+11
"94",94,"Best Buy","BBY","Retailing","Specialty Retailers: Other","yes","false","true","no",-26,"no","yes","no","yes","no",71100,17066,-10.6,-42.2,"Corie S. Barry","U.S.","Richfield","MN","www.investors.bestbuy.com","Public","Figures are for fiscal year ended Jan. 31, 2023. Market value as of July 17, 2023.",4.6298e+10,1.419e+09,1.5803e+10,1.7066e+10
"95",95,"Bristol-Myers Squibb","BMY","Health Care","Pharmaceuticals","yes","false","false","yes",-13,"no","yes","no","yes","no",34300,145780,-0.5,-9.5,"Giovanni Caforio","U.S.","New York","NY","www.bms.com","Public","Market value as of July 17, 2023.",4.6159e+10,6.327e+09,9.682e+10,1.4578e+11
"96",96,"United Airlines Holdings","UAL","Transportation","Airlines","yes","false","false","yes",50,"yes","no","no","no","no",92795,14474,82.5,NA,"J. Scott Kirby","U.S.","Chicago","IL","www.united.com","Public","Market value as of July 17, 2023.",4.4955e+10,7.37e+08,6.7358e+10,1.4474e+10
"97",97,"Thermo Fisher Scientific","TMO","Technology","Scientific, Photographic and Control Equipment","yes","false","false","yes",-5,"no","yes","no","yes","no",130000,222150,14.5,-10,"Marc N. Casper","U.S.","Waltham","MA","www.thermofisher.com","Public","Market value as of July 17, 2023.",4.4915e+10,6.95e+09,9.7154e+10,2.2215e+11
"98",98,"Qualcomm","QCOM","Technology","Semiconductors and Other Electronic Components","yes","false","false","yes",9,"yes","no","no","yes","no",51000,142252,31.7,43,"Cristiano R. Amon","U.S.","San Diego","CA","www.qualcomm.com","Public","Figures are for fiscal year ended Sept. 30, 2022. Market value as of July 17, 2023.",4.42e+10,1.2936e+10,4.9014e+10,1.42252e+11
"99",99,"Abbott Laboratories","ABT","Health Care","Medical Products and Equipment","yes","false","false","yes",-13,"no","yes","no","yes","no",115000,175984,1.3,-2,"Robert B. Ford","U.S.","Abbott Park","IL","www.abbott.com","Public","Market value as of July 17, 2023.",4.3653e+10,6.933e+09,7.4438e+10,1.75984e+11
"100",100,"Coca-Cola","KO","Food, Beverages & Tobacco","Beverages","yes","false","false","yes",-7,"no","yes","no","yes","no",82500,268361,11.3,-2.3,"James R. Quincey","U.S.","Atlanta","GA","www.coca-colacompany.com","Public","Market value as of July 17, 2023.",4.3004e+10,9.542e+09,9.2763e+10,2.68361e+11
"101",101,"Oracle","ORCL","Technology","Computer Software","yes","false","true","yes",-10,"no","yes","no","yes","no",143000,250866,4.8,-51.1,"Safra A. Catz","U.S.","Austin","TX","www.oracle.com","Public","Figures are for fiscal year ended May 31, 2022. Market value as of July 17, 2023.",4.244e+10,6.717e+09,1.09297e+11,2.50866e+11
"102",102,"Nucor","NUE","Materials","Metals","yes","false","false","yes",-4,"no","yes","no","yes","no",31400,38917,13.8,11.4,"Leon J. Topalian","U.S.","Charlotte","NC","www.nucor.com","Public","Market value as of July 17, 2023.",4.1513e+10,7.607e+09,3.2479e+10,3.8917e+10
"103",103,"TIAA","","Financials","Insurance: Life, Health (Mutual)","yes","false","true","yes",-13,"no","yes","no","yes","no",16070,NA,0.9,-87.8,"Thasunda Brown Duckett","U.S.","New York","NY","www.tiaa.org","Private","",4.0911e+10,4.94e+08,6.34457e+11,NA
"104",104,"Massachusetts Mutual Life Insurance","","Financials","Insurance: Life, Health (Mutual)","yes","false","false","yes",-4,"no","yes","no","yes","no",10662,NA,12.2,365,"Roger W. Crandall","U.S.","Springfield","MA","www.massmutual.com","Private","",4.0281e+10,1.485e+09,3.81336e+11,NA
"105",105,"General Dynamics","GD","Aerospace & Defense","Aerospace & Defense","yes","false","true","yes",-11,"no","yes","no","yes","no",106500,62692,2.4,4.1,"Phebe N. Novakovic","U.S.","Reston","VA","www.gd.com","Public","Market value as of July 17, 2023.",3.9407e+10,3.39e+09,5.1585e+10,6.2692e+10
"106",106,"Capital One Financial","COF","Financials","Commercial Banks","yes","true","false","yes",2,"yes","no","no","yes","yes",55943,36776,19.8,-40.6,"Richard D. Fairbank","U.S.","McLean","VA","www.capitalone.com","Public","Market value as of July 17, 2023.",3.8373e+10,7.36e+09,4.55249e+11,3.6776e+10
"107",107,"HF Sinclair","DINO","Energy","Petroleum Refining","yes","false","false","yes",90,"yes","no","no","no","no",5223,9492,107.8,423.5,"Tim Go","U.S.","Dallas","TX","www.hfsinclair.com","Public","Excise taxes have been deducted. Market value as of July 17, 2023.",3.8205e+10,2.923e+09,1.8126e+10,9.492e+09
"108",108,"Dollar General","DG","Retailing","Specialty Retailers: Other","yes","false","false","yes",-2,"no","yes","no","yes","no",170000,46114,10.6,0.7,"Jeffery C. Owen","U.S.","Goodlettsville","TN","www.dollargeneral.com","Public","Figures are for fiscal year ended Jan. 31, 2023. Market value as of July 17, 2023.",3.7845e+10,2.416e+09,2.9083e+10,4.6114e+10
"109",109,"Arrow Electronics","ARW","Wholesalers","Wholesalers: Electronics and Office Equipment","yes","false","false","yes",-5,"no","yes","no","yes","no",22300,7278,7.7,28.8,"Sean J. Kerins","U.S.","Centennial","CO","www.arrow.com","Public","Market value as of July 17, 2023.",3.7124e+10,1.427e+09,2.1763e+10,7.278e+09
"110",110,"Occidental Petroleum","OXY","Energy","Mining, Crude-Oil Production","yes","false","true","yes",25,"yes","no","no","no","no",11973,56069,38.6,473,"Vicki A. Hollub","U.S.","Houston","TX","www.oxy.com","Public","Market value as of July 17, 2023.",3.7095e+10,1.3304e+10,7.2609e+10,5.6069e+10
"111",111,"Northwestern Mutual","","Financials","Insurance: Life, Health (Mutual)","yes","false","false","yes",-14,"no","yes","no","yes","no",8323,NA,0.5,-6.7,"John E. Schlifske","U.S.","Milwaukee","WI","www.northwesternmutual.com","Private","",3.6921e+10,9.12e+08,3.4039e+11,NA
"112",112,"Travelers","TRV","Financials","Insurance: Property and Casualty (Stock)","yes","false","false","yes",-9,"no","yes","no","yes","no",32175,39783,5.9,-22.4,"Alan D. Schnitzer","U.S.","New York","NY","www.travelers.com","Public","Market value as of July 17, 2023.",3.6884e+10,2.842e+09,1.15717e+11,3.9783e+10
"113",113,"Northrop Grumman","NOC","Aerospace & Defense","Aerospace & Defense","yes","false","true","yes",-12,"no","yes","no","yes","no",95000,70203,2.6,-30.1,"Kathy J. Warden","U.S.","Falls Church","VA","www.northropgrumman.com","Public","Market value as of July 17, 2023.",3.6602e+10,4.896e+09,4.3755e+10,7.0203e+10
"114",114,"USAA","","Financials","Insurance: Property and Casualty (Stock)","no","false","false","no",-18,"no","yes","no","yes","no",36820,NA,-3.1,-139.3,"Wayne Peacock","U.S.","San Antonio","TX","www.usaa.com","Private","",3.6297e+10,1.296e+09,2.04005e+11,NA
"115",115,"Honeywell International","HON","Industrials","Electronics, Electrical Equip.","yes","false","false","no",-10,"no","yes","no","yes","no",97000,127695,3.1,-10.4,"Vimal Kapur","U.S.","Charlotte","NC","www.honeywell.com","Public","Market value as of July 17, 2023.",3.5466e+10,4.966e+09,6.2275e+10,1.27695e+11
"116",116,"3M","MMM","Chemicals","Chemicals","yes","false","false","no",-14,"no","yes","no","yes","no",92000,57965,-3.2,-2.4,"Michael F. Roman","U.S.","St. Paul","MN","www.3m.com","Public","Market value as of July 17, 2023.",3.4229e+10,5.777e+09,4.6455e+10,5.7965e+10
"117",117,"US Foods Holding","USFD","Wholesalers","Wholesalers: Food and Grocery","yes","false","false","yes",NA,"","","no","yes","no",29000,8568,15.5,61.6,"David E. Flitman","U.S.","Rosemont","IL","www.usfoods.com","Public","Market value as of July 17, 2023.",3.4057e+10,2.65e+08,1.2773e+10,8.568e+09
"118",118,"Warner Bros. Discovery","WBD","Media","Entertainment","no","false","false","yes",192,"yes","no","no","no","no",37500,36778,177.4,-832.7,"David M. Zaslav","U.S.","New York","NY","wbd.com","Public","Market value as of July 17, 2023.",3.3817e+10,7.371e+09,1.34001e+11,3.6778e+10
"119",119,"Lennar","LEN","Engineering & Construction","Homebuilders","yes","false","false","yes",12,"yes","no","no","no","no",12012,29726,24.1,4.2,"Jonathan M. Jaffe","U.S.","Miami","FL","www.lennar.com","Public","Figures are for fiscal year ended Nov. 30, 2022. Market value as of July 17, 2023.",3.3671e+10,4.614e+09,3.7984e+10,2.9726e+10
"120",120,"D.R. Horton","DHI","Engineering & Construction","Homebuilders","yes","false","false","yes",4,"yes","no","no","no","no",13237,33546,20.5,40.3,"David V. Auld","U.S.","Arlington","TX","www.drhorton.com","Public","Figures are for fiscal year ended Sept. 30, 2022. Market value as of July 17, 2023.",3.348e+10,5.858e+09,3.0351e+10,3.3546e+10
"121",121,"Jabil","JBL","Technology","Semiconductors and Other Electronic Components","yes","false","false","yes",-2,"no","yes","no","yes","no",250000,11750,14.3,43.1,"Kenneth S. Wilson","U.S.","St. Petersburg","FL","www.jabil.com","Public","Figures are for fiscal year ended Aug. 31, 2022. Market value as of July 17, 2023.",3.3478e+10,9.96e+08,1.9717e+10,1.175e+10
"122",122,"Cheniere Energy","LNG","Energy","Pipelines","yes","false","false","yes",111,"yes","no","no","no","no",1551,38408,110.7,NA,"Jack A. Fusco","U.S.","Houston","TX","www.cheniere.com","Public","Market value as of July 17, 2023.",3.3428e+10,1.428e+09,4.1266e+10,3.8408e+10
"123",123,"Broadcom","AVGO","Technology","Semiconductors and Other Electronic Components","yes","false","false","no",5,"yes","no","no","no","no",20000,267473,21,70.7,"Hock E. Tan","U.S.","San Jose","CA","www.broadcom.com","Public","Figures are for fiscal year ended Oct. 31, 2022. Market value as of July 17, 2023.",3.3203e+10,1.1495e+10,7.3249e+10,2.67473e+11
"124",124,"CarMax","KMX","Retailing","Automotive Retailing, Services","yes","false","false","yes",50,"yes","no","no","yes","yes",32647,10158,65.2,54.1,"William D. Nash","U.S.","Richmond","VA","www.carmax.com","Public","Figures are for fiscal year ended Feb. 28, 2023. Market value as of July 17, 2023.",3.3197e+10,1.151e+09,2.6338e+10,1.0158e+10
"125",125,"Starbucks","SBUX","Hotels, Restaurants & Leisure","Food Services","yes","false","false","yes",-5,"no","yes","no","yes","no",402000,119677,11,-21.9,"Laxman Narasimhan","U.S.","Seattle","WA","www.starbucks.com","Public","Figures are for fiscal year ended Sept. 30, 2022. Market value as of July 17, 2023.",3.225e+10,3.282e+09,2.7978e+10,1.19677e+11
"126",126,"Molina Healthcare","MOH","Health Care","Health Care: Insurance and Managed Care","yes","false","false","yes",-1,"no","yes","no","no","no",15000,15586,15.1,20.2,"Joseph M. Zubretsky","U.S.","Long Beach","CA","www.molinahealthcare.com","Public","Market value as of July 17, 2023.",3.1974e+10,7.92e+08,1.2314e+10,1.5586e+10
"127",127,"Uber Technologies","UBER","Technology","Internet Services and Retailing","no","false","false","yes",83,"yes","no","no","no","no",32800,63840,82.6,NA,"Dara Khosrowshahi","U.S.","San Francisco","CA","www.uber.com","Public","Market value as of July 17, 2023.",3.1877e+10,9.141e+09,3.2109e+10,6.384e+10
"128",128,"Philip Morris International","PM","Food, Beverages & Tobacco","Tobacco","yes","false","false","yes",-18,"no","yes","no","yes","no",79800,150946,1.1,-0.7,"Jacek Olczak","U.S.","Stamford","CT","www.pmi.com","Public","Excise taxes have been deducted. Market value as of July 17, 2023.",3.1762e+10,9.048e+09,6.1681e+10,1.50946e+11
"129",129,"Netflix","NFLX","Media","Entertainment","yes","false","false","yes",-14,"no","yes","no","yes","no",12800,153858,6.5,-12.2,"Ted Sarandos/Gregory K. Peters","U.S.","Los Gatos","CA","www.netflix.com","Public","Market value as of July 17, 2023.",3.1616e+10,4.492e+09,4.8595e+10,1.53858e+11
"130",130,"NRG Energy","NRG","Energy","Energy","yes","false","false","no",3,"yes","no","no","no","no",6603,7965,16.9,-44.2,"Mauricio Gutierrez","U.S.","Houston","TX","www.nrg.com","Public","Market value as of July 17, 2023.",3.1543e+10,1.221e+09,2.9146e+10,7.965e+09
"131",131,"Mondelez International","MDLZ","Food, Beverages & Tobacco","Food Consumer Products","yes","false","false","yes",-10,"no","yes","no","yes","no",91000,95050,9.7,-36.8,"Dirk Van de Put","U.S.","Chicago","IL","www.mondelezinternational.com","Public","Market value as of July 17, 2023.",3.1496e+10,2.717e+09,7.1161e+10,9.505e+10
"132",132,"Danaher","DHR","Health Care","Medical Products and Equipment","yes","false","false","yes",-14,"no","yes","no","yes","no",80000,183764,6.9,12.1,"Rainer M. Blair","U.S.","Washington","DC","www.danaher.com","Public","Market value as of July 17, 2023.",3.1471e+10,7.209e+09,8.435e+10,1.83764e+11
"133",133,"Salesforce","CRM","Technology","Computer Software","yes","true","false","yes",3,"yes","no","no","no","yes",79390,199780,18.3,-85.6,"Marc R. Benioff","U.S.","San Francisco","CA","www.salesforce.com","Public","Figures are for fiscal year ended Jan. 31, 2023. Market value as of July 17, 2023.",3.1352e+10,2.08e+08,9.8849e+10,1.9978e+11
"134",134,"Paramount Global","PARA","Media","Entertainment","yes","false","false","yes",-18,"no","yes","no","yes","no",27400,14657,5.9,-75.7,"Robert M. Bakish","U.S.","New York","NY","www.paramount.com","Public","Includes revenues from discontinued operations. Market value as of July 17, 2023.",3.1331e+10,1.104e+09,5.8393e+10,1.4657e+10
"135",135,"CBRE Group","CBRE","Financials","Real estate","yes","false","false","yes",-9,"no","yes","no","no","no",115000,22563,11.1,-23.4,"Robert E. Sulentic","U.S.","Dallas","TX","www.cbre.com","Public","Market value as of March 31, 2023.",3.0828e+10,1.407e+09,2.0513e+10,2.2563e+10
"136",136,"Micron Technology","MU","Technology","Semiconductors and Other Electronic Components","yes","false","false","yes",-9,"no","yes","no","no","no",48000,66036,11,48.2,"Sanjay Mehrotra","U.S.","Boise","ID","www.micron.com","Public","Figures are for fiscal year ended Aug. 31, 2022. Market value as of March 31, 2023.",3.0758e+10,8.687e+09,6.6283e+10,6.6036e+10
"137",137,"Visa","V","Business Services","Financial Data Services","yes","false","false","yes",10,"yes","no","no","no","yes",26500,475307,21.6,21.5,"Ryan McInerney","U.S.","San Francisco","CA","www.visa.com","Public","Figures are for fiscal year ended Sept. 30, 2022. Market value as of March 31, 2023.",2.931e+10,1.4957e+10,8.5501e+10,4.75307e+11
"138",138,"Southern","SO","Energy","Utilities: Gas and Electric","yes","false","false","yes",15,"yes","no","no","no","no",27562,75948,26.7,47.3,"Christopher C. Womack","U.S.","Atlanta","GA","www.southerncompany.com","Public","Market value as of March 31, 2023.",2.9279e+10,3.524e+09,1.34891e+11,7.5948e+10
"139",139,"United Natural Foods","UNFI","Wholesalers","Wholesalers: Food and Grocery","yes","false","false","yes",-7,"no","yes","no","no","no",30300,1565,7.2,66.4,"Sandy Douglas","U.S.","Providence","RI","www.unfi.com","Public","Figures are for fiscal year ended July 31, 2022. Market value as of March 31, 2023.",2.8928e+10,2.48e+08,7.628e+09,1.565e+09
"140",140,"Paccar","PCAR","Motor Vehicles & Parts","Motor Vehicles & Parts","yes","false","false","yes",11,"yes","no","no","no","no",31100,38251,22.5,62.6,"R. Preston Feight","U.S.","Bellevue","WA","www.paccar.com","Public","Market value as of March 31, 2023.",2.882e+10,3.012e+09,3.3276e+10,3.8251e+10
"141",141,"Duke Energy","DUK","Energy","Utilities: Gas and Electric","yes","false","true","yes",4,"yes","no","no","no","no",27859,74344,16.6,-34.7,"Lynn J. Good","U.S.","Charlotte","NC","www.duke-energy.com","Public","Includes revenues from discontinued operations. Excise taxes have been deducted. Market value as of March 31, 2023.",2.8784e+10,2.55e+09,1.78086e+11,7.4344e+10
"142",142,"Eli Lilly","LLY","Health Care","Pharmaceuticals","yes","false","false","yes",-20,"no","yes","no","no","no",39000,326351,0.8,11.9,"David A. Ricks","U.S.","Indianapolis","IN","www.lilly.com","Public","Market value as of March 31, 2023.",2.8541e+10,6.245e+09,4.949e+10,3.26351e+11
"143",143,"Hewlett Packard Enterprise","HPE","Technology","Computers, Office Equipment","yes","false","false","no",-20,"no","yes","no","no","yes",60200,20643,2.6,-74.7,"Antonio F. Neri","U.S.","Spring","TX","www.hpe.com","Public","Figures are for fiscal year ended Oct. 31, 2022. Market value as of March 31, 2023.",2.8496e+10,8.68e+08,5.7123e+10,2.0643e+10
"144",144,"Dollar Tree","DLTR","Retailing","Specialty Retailers: Other","yes","false","false","yes",-7,"no","yes","no","no","no",136287,31757,7.6,21.7,"Richard W. Dreiling","U.S.","Chesapeake","VA","www.dollartree.com","Public","Figures are for fiscal year ended Jan. 31, 2023. Market value as of March 31, 2023.",2.8332e+10,1.615e+09,2.3022e+10,3.1757e+10
"145",145,"Lithia Motors","LAD","Retailing","Automotive Retailing, Services","yes","false","false","yes",13,"yes","no","no","no","no",21875,6337,23.5,18,"Bryan B. DeBoer","U.S.","Medford","OR","investors.lithiadriveway.com/","Public","Market value as of March 31, 2023.",2.8188e+10,1.251e+09,1.5007e+10,6.337e+09
"146",146,"Cummins","CMI","Industrials","Industrial Machinery","yes","false","true","yes",3,"yes","no","no","no","no",73600,33811,16.9,0.9,"Jennifer Rumsey","U.S.","Columbus","IN","www.cummins.com","Public","Acquired Meritor (2021 rank: 710), Aug. 3, 2022. Market value as of March 31, 2023.",2.8074e+10,2.151e+09,3.0299e+10,3.3811e+10
"147",147,"Penske Automotive Group","PAG","Retailing","Automotive Retailing, Services","yes","false","false","yes",-5,"no","yes","no","no","no",26816,9795,8.8,16.2,"Roger S. Penske","U.S.","Bloomfield Hills","MI","www.penskeautomotive.com","Public","Market value as of March 31, 2023.",2.7815e+10,1.38e+09,1.4115e+10,9.795e+09
"148",148,"PayPal Holdings","PYPL","Business Services","Financial Data Services","yes","false","false","no",-5,"no","yes","no","no","no",29900,85917,8.5,-42,"Daniel H. Schulman","U.S.","San Jose","CA","www.paypal.com","Public","Market value as of March 31, 2023.",2.7518e+10,2.419e+09,7.8717e+10,8.5917e+10
"149",149,"U.S. Bancorp","USB","Financials","Commercial Banks","yes","false","false","yes",1,"yes","no","no","no","no",76646,55221,15.5,-26.8,"Andrew J. Cecere","U.S.","Minneapolis","MN","www.usbank.com","Public","Market value as of March 31, 2023.",2.7401e+10,5.825e+09,6.74805e+11,5.5221e+10
"150",150,"Gilead Sciences","GILD","Health Care","Pharmaceuticals","yes","false","false","yes",-21,"no","yes","no","no","no",17000,103614,-0.1,-26.2,"Daniel P. O&#039;Day","U.S.","Foster City","CA","www.gilead.com","Public","Market value as of March 31, 2023.",2.7281e+10,4.592e+09,6.3171e+10,1.03614e+11
"151",151,"AutoNation","AN","Retailing","Automotive Retailing, Services","yes","false","false","yes",-10,"no","yes","no","no","no",23600,6301,4.4,0.3,"Michael M. Manley","U.S.","Fort Lauderdale","FL","www.autonation.com","Public","Market value as of March 31, 2023.",2.6985e+10,1.377e+09,1.006e+10,6.301e+09
"152",152,"Nvidia","NVDA","Technology","Semiconductors and Other Electronic Components","yes","true","false","yes",-18,"no","yes","no","no","yes",26196,686092,0.2,-55.2,"Jensen Huang","U.S.","Santa Clara","CA","www.nvidia.com","Public","Figures are for fiscal year ended Jan. 31, 2023. Market value as of March 31, 2023.",2.6974e+10,4.368e+09,4.1182e+10,6.86092e+11
"153",153,"Kraft Heinz","KHC","Food, Beverages & Tobacco","Food Consumer Products","yes","false","false","yes",-14,"no","yes","no","no","no",37000,47448,1.7,133.5,"Miguel Patricio","U.S.","Chicago","IL","www.kraftheinzcompany.com","Public","Market value as of March 31, 2023.",2.6485e+10,2.363e+09,9.0513e+10,4.7448e+10
"154",154,"Amgen","AMGN","Health Care","Pharmaceuticals","yes","false","false","yes",-14,"no","yes","no","no","no",25200,129089,1.3,11.2,"Robert A. Bradway","U.S.","Thousand Oaks","CA","www.amgen.com","Public","Market value as of March 31, 2023.",2.6323e+10,6.552e+09,6.5121e+10,1.29089e+11
"155",155,"Applied Materials","AMAT","Technology","Semiconductors and Other Electronic Components","yes","false","false","yes",1,"yes","no","no","no","no",33000,103806,11.8,10.8,"Gary E. Dickerson","U.S.","Santa Clara","CA","www.appliedmaterials.com","Public","Figures are for fiscal year ended Oct. 31, 2022. Market value as of March 31, 2023.",2.5785e+10,6.525e+09,2.6726e+10,1.03806e+11
"156",156,"EOG Resources","EOG","Energy","Mining, Crude-Oil Production","yes","false","false","yes",37,"yes","no","no","no","no",2850,67371,37.9,66.4,"Ezra Y. Yacob","U.S.","Houston","TX","www.eogresources.com","Public","Market value as of March 31, 2023.",2.5702e+10,7.759e+09,4.1371e+10,6.7371e+10
"157",157,"Truist Financial","TFC","Financials","Commercial Banks","yes","false","false","yes",-2,"no","yes","no","no","no",53987,45290,9.9,-2.8,"William H. Rogers Jr.","U.S.","Charlotte","NC","www.truist.com","Public","Market value as of March 31, 2023.",2.5356e+10,6.26e+09,5.55255e+11,4.529e+10
"158",158,"Macy's","M","Retailing","General Merchandisers","yes","false","false","yes",-14,"no","yes","no","no","no",94570,4747,0.1,-17.7,"Jeffrey Gennette","U.S.","New York","NY","www.macysinc.com","Public","Figures are for fiscal year ended Jan. 31, 2023. Market value as of March 31, 2023.",2.5305e+10,1.177e+09,1.6866e+10,4.747e+09
"159",159,"Union Pacific","UNP","Transportation","Railroads","yes","false","false","yes",4,"yes","no","no","no","no",33179,123146,14.1,7.3,"Jim Vena","U.S.","Omaha","NE","www.up.com","Public","Market value as of March 31, 2023.",2.4875e+10,6.998e+09,6.5449e+10,1.23146e+11
"160",160,"C.H. Robinson Worldwide","CHRW","Transportation","Transportation and Logistics","yes","false","false","yes",-6,"no","yes","no","no","no",17399,11417,6.9,11.4,"Scott P. Anderson","U.S.","Eden Prairie","MN","www.chrobinson.com","Public","Market value as of March 31, 2023.",2.4697e+10,9.41e+08,5.955e+09,1.1417e+10
"161",161,"Rite Aid","RAD","Food & Drug Stores","Food and Drug Stores","no","false","true","yes",-13,"no","yes","no","no","no",53000,127,2.2,NA,"Elizabeth Burr","U.S.","Philadelphia","PA","www.riteaid.com","Public","Figures are for fiscal year ended Feb. 28, 2022. Market value as of March 31, 2023.",2.4568e+10,5.39e+08,8.529e+09,1.27e+08
"162",162,"Constellation Energy","CEG","Energy","Energy","no","false","false","",NA,"","","yes","no","no",13370,25712,NA,NA,"Joseph Dominguez","U.S.","Baltimore","MD","www.constellationenergy.com","Public","Spun off from Exelon (2022 rank: 218), Feb. 1, 2022. Market value as of March 31, 2023.",2.444e+10,1.6e+08,4.6909e+10,2.5712e+10
"163",163,"Avnet","AVT","Wholesalers","Wholesalers: Electronics and Office Equipment","yes","false","false","yes",17,"yes","no","no","no","no",15300,4130,24.4,258.5,"Philip R. Gallagher","U.S.","Phoenix","AZ","www.avnet.com","Public","Figures are for fiscal year ended June 30, 2022. Market value as of March 31, 2023.",2.4311e+10,6.92e+08,1.0389e+10,4.13e+09
"164",164,"Pioneer Natural Resources","PXD","Energy","Mining, Crude-Oil Production","yes","false","false","yes",84,"yes","no","no","no","no",2076,47997,65.9,270.4,"Scott D. Sheffield","U.S.","Irving","TX","www.pxd.com","Public","Market value as of March 31, 2023.",2.4294e+10,7.845e+09,3.574e+10,4.7997e+10
"165",165,"Southwest Airlines","LUV","Transportation","Airlines","yes","false","false","yes",69,"yes","no","no","no","no",66656,19338,50.8,-44.8,"Robert E. Jordan","U.S.","Dallas","TX","www.southwest.com","Public","Market value as of March 31, 2023.",2.3814e+10,5.39e+08,3.5369e+10,1.9338e+10
"166",166,"CDW","CDW","Technology","Information Technology Services","yes","false","true","yes",NA,"","","no","no","no",15100,26337,14.1,12.7,"Christine A. Leahy","U.S.","Lincolnshire","IL","www.cdw.com","Public","Market value as of March 31, 2023.",2.3749e+10,1.115e+09,1.3132e+10,2.6337e+10
"167",167,"Advanced Micro Devices","AMD","Technology","Semiconductors and Other Electronic Components","yes","false","true","yes",59,"yes","no","no","no","no",25000,157738,43.6,-58.3,"Lisa T. Su","U.S.","Santa Clara","CA","www.amd.com","Public","Market value as of March 31, 2023.",2.3601e+10,1.32e+09,6.758e+10,1.57738e+11
"168",168,"PNC Financial Services Group","PNC","Financials","Commercial Banks","yes","false","false","yes",10,"yes","no","no","no","no",60720,50800,19.5,6.5,"William S. Demchak","U.S.","Pittsburgh","PA","www.pnc.com","Public","Market value as of March 31, 2023.",2.3542e+10,6.041e+09,5.57263e+11,5.08e+10
"169",169,"McDonald's","MCD","Hotels, Restaurants & Leisure","Food Services","yes","false","false","no",-17,"no","yes","no","no","no",150000,204534,-0.2,-18.1,"Christopher J. Kempczinski","U.S.","Chicago","IL","www.investor.mcdonalds.com","Public","Market value as of March 31, 2023.",2.3183e+10,6.177e+09,5.0436e+10,2.04534e+11
"170",170,"Cleveland-Cliffs","CLF","Materials","Metals","yes","false","false","yes",1,"yes","no","no","no","no",27000,9436,12.4,-55.3,"C. Lourenco Goncalves","U.S.","Cleveland","OH","www.clevelandcliffs.com","Public","Market value as of March 31, 2023.",2.2989e+10,1.335e+09,1.8755e+10,9.436e+09
"171",171,"Freeport-McMoRan","FCX","Energy","Mining, Crude-Oil Production","yes","false","false","yes",-14,"no","yes","no","no","no",25600,58530,-0.3,-19.5,"Richard C. Adkerson","U.S.","Phoenix","AZ","www.fcx.com","Public","Market value as of March 31, 2023.",2.278e+10,3.468e+09,5.1093e+10,5.853e+10
"172",172,"Builders FirstSource","BLDR","Materials","Building Materials, Glass","yes","false","false","yes",4,"yes","no","no","no","no",29000,12253,14.2,59.3,"Dave Rush","U.S.","Dallas","TX","www.bldr.com","Public","Market value as of March 31, 2023.",2.2726e+10,2.749e+09,1.0595e+10,1.2253e+10
"173",173,"Oneok","OKE","Energy","Pipelines","yes","false","false","yes",51,"yes","no","no","no","no",2966,28416,35.3,14.8,"Pierce H. Norton II","U.S.","Tulsa","OK","www.oneok.com","Public","Market value as of March 31, 2023.",2.2387e+10,1.722e+09,2.4379e+10,2.8416e+10
"174",174,"Hartford Financial Services Group","HIG","Financials","Insurance: Property and Casualty (Stock)","yes","false","false","yes",-14,"no","yes","no","no","no",18800,21817,-0.1,-23.3,"Christopher J. Swift","U.S.","Hartford","CT","www.thehartford.com","Public","Market value as of March 31, 2023.",2.2362e+10,1.815e+09,7.3022e+10,2.1817e+10
"175",175,"Charles Schwab","SCHW","Financials","Securities","yes","false","false","yes",13,"yes","no","no","no","no",35300,95264,17.4,22.7,"Walter W. Bettinger II","U.S.","Westlake","TX","www.aboutschwab.com","Public","Market value as of March 31, 2023.",2.2307e+10,7.183e+09,5.51772e+11,9.5264e+10
"176",176,"Steel Dynamics","STLD","Materials","Metals","yes","true","false","yes",20,"yes","no","no","no","no",12060,19286,20.9,20.2,"Mark D. Millett","U.S.","Fort Wayne","IN","www.steeldynamics.com","Public","Market value as of March 31, 2023.",2.2261e+10,3.863e+09,1.416e+10,1.9286e+10
"177",177,"Mastercard","MA","Business Services","Financial Data Services","yes","false","false","yes",13,"yes","no","no","no","yes",29900,346418,17.8,14.3,"Michael Miebach","U.S.","Purchase","NY","www.mastercard.com","Public","Market value as of March 31, 2023.",2.2237e+10,9.93e+09,3.8724e+10,3.46418e+11
"178",178,"Sherwin-Williams","SHW","Chemicals","Chemicals","yes","false","false","yes",-3,"no","yes","no","no","no",64366,58090,11.1,8.4,"John G. Morikis","U.S.","Cleveland","OH","www.sherwin.com","Public","Market value as of March 31, 2023.",2.2149e+10,2.02e+09,2.2594e+10,5.809e+10
"179",179,"Genuine Parts","GPC","Wholesalers","Wholesalers: Diversified","yes","false","false","yes",12,"yes","no","no","no","no",58000,23559,17.1,31.6,"Paul D. Donahue","U.S.","Atlanta","GA","www.genpt.com","Public","Market value as of March 31, 2023.",2.2096e+10,1.183e+09,1.6495e+10,2.3559e+10
"180",180,"PG&E","PCG","Energy","Utilities: Gas and Electric","yes","false","true","yes",-12,"no","yes","no","no","no",26010,32154,5,NA,"Patricia K. Poppe","U.S.","Oakland","CA","www.pgecorp.com","Public","Market value as of March 31, 2023.",2.168e+10,1.8e+09,1.18644e+11,3.2154e+10
"181",181,"WESCO International","WCC","Wholesalers","Wholesalers: Diversified","yes","false","false","yes",19,"yes","no","no","no","no",20000,7897,17.6,84.9,"John J. Engel","U.S.","Pittsburgh","PA","www.wesco.com","Public","Market value as of March 31, 2023.",2.142e+10,8.61e+08,1.4812e+10,7.897e+09
"182",182,"Murphy USA","MUSA","Retailing","Specialty Retailers: Other","yes","false","false","yes",58,"yes","no","no","no","no",10550,5621,38.8,69.5,"R. Andrew Clyde","U.S.","El Dorado","AR","www.murphyusa.com","Public","Excise taxes have been deducted. Market value as of March 31, 2023.",2.1266e+10,6.73e+08,4.123e+09,5.621e+09
"183",183,"WestRock","WRK","Materials","Packaging, Containers","yes","false","false","yes",9,"yes","no","no","no","no",50500,7759,13.4,12.7,"David B. Sewell","U.S.","Atlanta","GA","www.westrock.com","Public","Figures are for fiscal year ended Sept. 30, 2022. Market value as of March 31, 2023.",2.1257e+10,9.45e+08,2.8406e+10,7.759e+09
"184",184,"International Paper","IP","Materials","Packaging, Containers","yes","false","false","yes",-20,"no","yes","no","no","no",39000,12598,-2.8,-14.2,"Mark S. Sutton","U.S.","Memphis","TN","www.internationalpaper.com","Public","Spun off Sylvamo (2022 rank: 727), Oct. 1, 2021. Market value as of March 31, 2023.",2.1161e+10,1.504e+09,2.394e+10,1.2598e+10
"185",185,"Baker Hughes","BKR","Energy","Oil and Gas Equipment, Services","no","false","false","yes",-15,"no","yes","no","no","no",55000,29386,3.2,NA,"Lorenzo Simonelli","U.S.","Houston","TX","www.bakerhughes.com","Public","Market value as of March 31, 2023.",2.1156e+10,6.01e+08,3.4181e+10,2.9386e+10
"186",186,"United States Steel","X","Materials","Metals","yes","false","false","no",-14,"no","yes","no","no","no",22740,5930,3.9,-39.5,"David B. Burritt","U.S.","Pittsburgh","PA","www.ussteel.com","Public","Market value as of March 31, 2023.",2.1065e+10,2.524e+09,1.9458e+10,5.93e+09
"187",187,"NextEra Energy","NEE","Energy","Utilities: Gas and Electric","yes","false","false","yes",28,"yes","no","no","no","no",15300,153196,22.8,16.1,"John W. Ketchum","U.S.","Juno Beach","FL","www.nexteraenergy.com","Public","Market value as of March 31, 2023.",2.0956e+10,4.147e+09,1.58935e+11,1.53196e+11
"188",188,"Targa Resources","TRGP","Energy","Pipelines","yes","false","false","yes",28,"yes","no","no","no","no",2850,16507,23.5,1579.1,"Matthew J. Meloy","U.S.","Houston","TX","www.targaresources.com","Public","Market value as of March 31, 2023.",2.093e+10,1.196e+09,1.956e+10,1.6507e+10
"189",189,"Lear","LEA","Motor Vehicles & Parts","Motor Vehicles & Parts","yes","false","false","yes",-3,"no","yes","no","no","no",168700,8248,8.5,-12.4,"Raymond E. Scott","U.S.","Southfield","MI","www.lear.com","Public","Market value as of March 31, 2023.",2.0892e+10,3.28e+08,1.3763e+10,8.248e+09
"190",190,"Jones Lang LaSalle","JLL","Financials","Real estate","yes","false","false","yes",-5,"no","yes","no","no","no",103300,6926,7.7,-31.9,"Christian Ulbrich","U.S.","Chicago","IL","www.jll.com","Public","Market value as of March 31, 2023.",2.0862e+10,6.55e+08,1.5594e+10,6.926e+09
"191",191,"Goodyear Tire & Rubber","GT","Motor Vehicles & Parts","Motor Vehicles & Parts","yes","false","false","yes",18,"yes","no","no","no","no",74000,3122,19,-73.6,"Richard J. Kramer","U.S.","Akron","OH","www.goodyear.com","Public","Market value as of March 31, 2023.",2.0805e+10,2.02e+08,2.2431e+10,3.122e+09
"192",192,"Marriott International","MAR","Hotels, Restaurants & Leisure","Hotels, Casinos, Resorts","yes","false","false","yes",78,"yes","no","no","no","yes",140000,51287,49.9,114.6,"Anthony G. Capuano","U.S.","Bethesda","MD","www.marriott.com","Public","Market value as of March 31, 2023.",2.0773e+10,2.358e+09,2.4815e+10,5.1287e+10
"193",193,"Marsh & McLennan","MMC","Financials","Diversified Financials","yes","false","false","yes",-16,"no","yes","no","no","no",85000,82371,4.5,-3,"John Q. Doyle","U.S.","New York","NY","www.marshmclennan.com","Public","Market value as of March 31, 2023.",2.072e+10,3.05e+09,3.3454e+10,8.2371e+10
"194",194,"Altria Group","MO","Food, Beverages & Tobacco","Tobacco","yes","false","false","yes",-29,"no","yes","no","no","no",6300,79672,-2,132.9,"William F. Gifford Jr.","U.S.","Richmond","VA","www.altria.com","Public","Excise taxes have been deducted. Market value as of March 31, 2023.",2.0688e+10,5.764e+09,3.6954e+10,7.9672e+10
"195",195,"Coupang","CPNG","Retailing","Internet Services and Retailing","no","true","false","no",NA,"","","yes","no","no",63000,28388,11.8,NA,"Bom Kim","U.S.","Seattle","WA","www.aboutcoupang.com","Public","Moved headquarters from South Korea to the U.S. in 2022. Market value as of March 31, 2023.",2.0583e+10,9.2e+07,9.513e+09,2.8388e+10
"196",196,"Carrier Global","CARR","Industrials","Industrial Machinery","yes","false","false","no",-27,"no","yes","no","no","no",52000,38199,-0.9,112.4,"David L. Gitlin","U.S.","Palm Beach Gardens","FL","www.corporate.carrier.com","Public","Market value as of March 31, 2023.",2.0421e+10,3.534e+09,2.6086e+10,3.8199e+10
"197",197,"Halliburton","HAL","Energy","Oil and Gas Equipment, Services","yes","false","false","yes",44,"yes","no","no","no","no",45000,28605,32.7,7.9,"Jeffrey A. Miller","U.S.","Houston","TX","www.halliburton.com","Public","Market value as of March 31, 2023.",2.0297e+10,1.572e+09,2.3255e+10,2.8605e+10
"198",198,"Delek US Holdings","DK","Energy","Petroleum Refining","yes","false","false","yes",148,"yes","no","no","no","no",3746,1538,90.1,NA,"Avigal Soreq","U.S.","Brentwood","TN","www.delekus.com","Public","Excise taxes have been deducted. Market value as of March 31, 2023.",2.0246e+10,2.57e+08,8.193e+09,1.538e+09
"199",199,"Kimberly-Clark","KMB","Household Products","Household and Personal Products","yes","false","false","no",-17,"no","yes","no","no","no",44000,45293,3.8,6.6,"Michael D. Hsu","U.S.","Irving","TX","www.kimberly-clark.com","Public","Market value as of March 31, 2023.",2.0175e+10,1.934e+09,1.797e+10,4.5293e+10
"200",200,"Texas Instruments","TXN","Technology","Semiconductors and Other Electronic Components","yes","false","false","yes",-2,"no","yes","no","no","no",33000,168775,9.2,12.6,"Haviv Ilan","U.S.","Dallas","TX","www.ti.com","Public","Market value as of March 31, 2023.",2.0028e+10,8.749e+09,2.7207e+10,1.68775e+11
"201",201,"Bank of New York Mellon","BK","Financials","Commercial Banks","yes","false","false","yes",28,"yes","no","no","no","no",51700,36736,23.7,-31.6,"Robin Vince","U.S.","New York","NY","www.bnymellon.com","Public","Market value as of March 31, 2023.",1.9991e+10,2.573e+09,4.05783e+11,3.6736e+10
"202",202,"ManpowerGroup","MAN","Business Services","Temporary Help","yes","false","false","yes",-35,"no","yes","no","no","no",30900,4191,-4.3,-2.2,"Jonas Prising","U.S.","Milwaukee","WI","www.manpowergroup.com","Public","Market value as of March 31, 2023.",1.9828e+10,3.74e+08,9.13e+09,4.191e+09
"203",203,"Whirlpool","WHR","Industrials","Electronics, Electrical Equip.","no","false","false","no",-41,"no","yes","no","no","no",61000,7197,-10.3,-185.2,"Marc R. Bitzer","U.S.","Benton Harbor","MI","www.whirlpoolcorp.com","Public","Market value as of March 31, 2023.",1.9724e+10,1.519e+09,1.7124e+10,7.197e+09
"204",204,"Waste Management","WM","Business Services","Waste Management","yes","false","false","yes",-1,"no","yes","no","no","no",49500,66372,9.9,23.2,"James C. Fish Jr.","U.S.","Houston","TX","www.wm.com","Public","Market value as of March 31, 2023.",1.9698e+10,2.238e+09,3.1367e+10,6.6372e+10
"205",205,"American Electric Power","AEP","Energy","Utilities: Gas and Electric","yes","false","true","yes",14,"yes","no","no","no","no",16974,46806,17,-7.3,"Julia A. Sloat","U.S.","Columbus","OH","www.aep.com","Public","Market value as of March 31, 2023.",1.964e+10,2.307e+09,9.3469e+10,4.6806e+10
"206",206,"Emerson Electric","EMR","Industrials","Industrial Machinery","yes","false","false","no",-7,"no","yes","no","no","no",85500,49792,7.6,40.3,"S. L. Karsanbhai","U.S.","St. Louis","MO","www.emerson.com","Public","Figures are for fiscal year ended Sept. 30, 2022. Market value as of March 31, 2023.",1.9629e+10,3.231e+09,3.5672e+10,4.9792e+10
"207",207,"Aflac","AFL","Financials","Insurance: Life, Health (stock)","yes","false","false","yes",-46,"no","yes","no","no","no",12882,39467,-11.8,-2.9,"Daniel P. Amos","U.S.","Columbus","GA","www.aflac.com","Public","Market value as of March 31, 2023.",1.9502e+10,4.201e+09,1.31017e+11,3.9467e+10
"208",208,"Cognizant Technology Solutions","CTSH","Technology","Information Technology Services","yes","false","false","yes",-14,"no","yes","no","no","no",355300,31031,5,7.2,"Ravi Kumar S","U.S.","Teaneck","NJ","www.cognizant.com","Public","Market value as of March 31, 2023.",1.9428e+10,2.29e+09,1.7852e+10,3.1031e+10
"209",209,"Becton Dickinson","BDX","Health Care","Medical Products and Equipment","yes","false","false","yes",-36,"no","yes","no","no","no",77000,70277,-4.1,-15,"Thomas E. Polen","U.S.","Franklin Lakes","NJ","www.bd.com","Public","Includes revenues from discontinued operations. Figures are for fiscal year ended Sept. 30, 2022. Market value as of March 31, 2023.",1.9408e+10,1.779e+09,5.2934e+10,7.0277e+10
"210",210,"BJ's Wholesale Club","BJ","Retailing","General Merchandisers","yes","false","false","no",11,"yes","no","no","no","no",34000,10186,15.9,20.3,"Robert W. Eddy","U.S.","Marlborough","MA","www.bjs.com","Public","Figures are for fiscal year ended Jan. 31, 2023. Market value as of March 31, 2023.",1.9315e+10,5.13e+08,6.35e+09,1.0186e+10
"211",211,"Moderna","MRNA","Health Care","Pharmaceuticals","yes","false","false","yes",-16,"no","yes","no","no","no",3900,59232,4.3,-31.5,"Stephane Bancel","U.S.","Cambridge","MA","www.modernatx.com","Public","Market value as of March 31, 2023.",1.9263e+10,8.362e+09,2.5858e+10,5.9232e+10
"212",212,"DTE Energy","DTE","Energy","Utilities: Gas and Electric","yes","false","false","no",27,"yes","no","no","no","no",10250,22577,25.1,19.4,"Gerardo Norcia","U.S.","Detroit","MI","www.dteenergy.com","Public","Market value as of March 31, 2023.",1.9228e+10,1.083e+09,4.2683e+10,2.2577e+10
"213",213,"Land O'Lakes","","Food, Beverages & Tobacco","Food Consumer Products","yes","false","true","no",19,"yes","no","no","no","no",9000,NA,20.8,-16.1,"Beth E. Ford","U.S.","Arden Hills","MN","www.landolakesinc.com","Private","A cooperative.",1.9226e+10,2.41e+08,9.77e+09,NA
"214",214,"Kinder Morgan","KMI","Energy","Pipelines","yes","false","true","no",9,"yes","no","no","no","no",10525,39363,15.6,42.8,"Kimberly Dang","U.S.","Houston","TX","www.kindermorgan.com","Public","Market value as of March 31, 2023.",1.92e+10,2.548e+09,7.0078e+10,3.9363e+10
"215",215,"Tenet Healthcare","THC","Health Care","Health Care: Medical Facilities","yes","false","false","yes",-34,"no","yes","no","no","no",89088,6077,-1.6,-55,"Saumya Sutaria","U.S.","Dallas","TX","www.tenethealth.com","Public","Market value as of March 31, 2023.",1.9174e+10,4.11e+08,2.7156e+10,6.077e+09
"216",216,"Devon Energy","DVN","Energy","Mining, Crude-Oil Production","yes","false","false","yes",93,"yes","no","no","no","no",1800,33099,57,113.8,"Richard E. Muncrief","U.S.","Oklahoma City","OK","www.devonenergy.com","Public","Market value as of March 31, 2023.",1.9169e+10,6.015e+09,2.3721e+10,3.3099e+10
"217",217,"Mosaic","MOS","Chemicals","Chemicals","yes","false","false","yes",88,"yes","no","no","no","no",13570,15438,54.8,119.7,"James C. O&#039;Rourke","U.S.","Tampa","FL","www.mosaicco.com","Public","Market value as of March 31, 2023.",1.9125e+10,3.583e+09,2.3386e+10,1.5438e+10
"218",218,"Exelon","EXC","Energy","Utilities: Gas and Electric","yes","false","false","no",-119,"no","yes","no","yes","no",19063,41651,-47.5,27.2,"Calvin G. Butler Jr.","U.S.","Chicago","IL","www.exeloncorp.com","Public","Spun off Constellation Energy (2022 rank: 162), Feb. 1, 2022. Market value as of March 31, 2023.",1.9078e+10,2.17e+09,9.5349e+10,4.1651e+10
"219",219,"General Mills","GIS","Food, Beverages & Tobacco","Food Consumer Products","yes","false","false","no",-18,"no","yes","no","no","no",32500,50195,4.8,15.7,"Jeffrey L. Harmening","U.S.","Minneapolis","MN","www.generalmills.com","Public","Figures are for fiscal year ended May 31, 2022. Market value as of March 31, 2023.",1.8993e+10,2.707e+09,3.109e+10,5.0195e+10
"220",220,"Global Partners","GLP","Wholesalers","Wholesalers: Diversified","yes","false","false","yes",60,"yes","no","no","no","no",3585,1055,42.5,495.8,"Eric Slifka","U.S.","Waltham","MA","www.globalp.com","Public","A partnership. Market value as of March 31, 2023.",1.8878e+10,3.62e+08,3.161e+09,1.055e+09
"221",221,"Western Digital","WDC","Technology","Computers, Office Equipment","yes","false","false","no",-4,"no","yes","no","no","no",65000,12029,11.1,82.7,"David V. Goeckeler","U.S.","San Jose","CA","www.westerndigital.com","Public","Figures are for fiscal year ended June 30, 2022. Market value as of March 31, 2023.",1.8793e+10,1.5e+09,2.6259e+10,1.2029e+10
"222",222,"Lincoln National","LNC","Financials","Insurance: Life, Health (stock)","no","false","true","yes",-35,"no","yes","no","no","no",11316,3802,-5.5,-218.8,"Ellen G. Cooper","U.S.","Radnor","PA","www.lfg.com","Public","Market value as of March 31, 2023.",1.8766e+10,2.241e+09,3.35108e+11,3.802e+09
"223",223,"Ross Stores","ROST","Retailing","Specialty Retailers: Apparel","yes","false","true","yes",-34,"no","yes","no","no","no",101000,36302,-1.2,-12.2,"Barbara Rentler","U.S.","Dublin","CA","www.rossstores.com","Public","Figures are for fiscal year ended Jan. 31, 2023. Market value as of March 31, 2023.",1.8696e+10,1.512e+09,1.3417e+10,3.6302e+10
"224",224,"Stryker","SYK","Health Care","Medical Products and Equipment","yes","false","false","yes",-10,"no","yes","no","no","yes",51000,108228,7.8,18.3,"Kevin A. Lobo","U.S.","Kalamazoo","MI","www.stryker.com","Public","Market value as of March 31, 2023.",1.8449e+10,2.358e+09,3.6884e+10,1.08228e+11
"225",225,"Kyndryl Holdings","KD","Technology","Information Technology Services","no","false","false","",NA,"","","yes","no","no",90000,3358,NA,NA,"Martin J. Schroeter","U.S.","New York","NY","www.kyndryl.com","Public","Spun off from International Business Machines (2022 rank: 65), Nov. 3, 2021. Changed fiscal year from Dec. 31 to March 31. Figures are for the latest 12 months ended March 31, 2022. Market value as of March 31, 2023.",1.8317e+10,2.054e+09,1.3442e+10,3.358e+09
"226",226,"Kohl's","KSS","Retailing","General Merchandisers","no","false","false","no",-43,"no","yes","no","no","no",66500,2607,-6.9,-102,"Thomas A. Kingsbury","U.S.","Menomonee Falls","WI","www.kohls.com","Public","Figures are for fiscal year ended Jan. 31, 2023. Market value as of March 31, 2023.",1.8098e+10,1.9e+07,1.4345e+10,2.607e+09
"227",227,"Stanley Black & Decker","SWK","Household Products","Home Equipment, Furnishings","yes","false","false","no",-15,"no","yes","no","no","no",54200,12333,4.4,-37.1,"Donald Allan Jr.","U.S.","New Britain","CT","www.stanleyblackanddecker.com","Public","Includes revenues from discontinued operations. Market value as of March 31, 2023.",1.8004e+10,1.063e+09,2.4963e+10,1.2333e+10
"228",228,"Colgate-Palmolive","CL","Household Products","Household and Personal Products","yes","false","false","no",-17,"no","yes","no","no","no",33800,62535,3.1,-17.6,"Noel R. Wallace","U.S.","New York","NY","www.colgatepalmolive.com","Public","Market value as of March 31, 2023.",1.7967e+10,1.785e+09,1.5731e+10,6.2535e+10
"229",229,"BlackRock","BLK","Financials","Securities","yes","false","false","yes",-45,"no","yes","no","no","no",19800,100526,-7.7,-12.3,"Laurence D. Fink","U.S.","New York","NY","www.blackrock.com","Public","Market value as of March 31, 2023.",1.7873e+10,5.178e+09,1.17628e+11,1.00526e+11
"230",230,"Fiserv","FISV","Business Services","Financial Data Services","yes","false","false","no",-3,"no","yes","no","no","no",41000,70997,9.3,89.7,"Frank J. Bisignano","U.S.","Brookfield","WI","www.fiserv.com","Public","Market value as of March 31, 2023.",1.7737e+10,2.53e+09,8.3869e+10,7.0997e+10
"231",230,"Estee Lauder","EL","Household Products","Household and Personal Products","yes","false","false","yes",-2,"no","yes","no","no","no",53865,88041,9.4,-16.7,"Fabrizio Freda","U.S.","New York","NY","www.elcompanies.com","Public","Figures are for fiscal year ended June 30, 2022. Market value as of March 31, 2023.",1.7737e+10,2.39e+09,2.091e+10,8.8041e+10
"232",232,"PPG Industries","PPG","Chemicals","Chemicals","yes","false","false","yes",-14,"no","yes","no","no","no",52000,31439,5.1,-28.7,"Timothy M. Knavish","U.S.","Pittsburgh","PA","www.ppg.com","Public","Market value as of March 31, 2023.",1.7652e+10,1.026e+09,2.0744e+10,3.1439e+10
"233",233,"Adobe","ADBE","Technology","Computer Software","yes","false","false","yes",2,"yes","no","no","no","yes",29239,176769,11.5,-1.4,"Shantanu Narayen","U.S.","San Jose","CA","www.adobe.com","Public","Figures are for fiscal year ended Nov. 30, 2022. Market value as of March 31, 2023.",1.7606e+10,4.756e+09,2.7165e+10,1.76769e+11
"234",234,"Block","SQ","Business Services","Financial Data Services","no","true","false","yes",-26,"no","yes","no","no","no",12428,41329,-0.7,-425.2,"Jack Dorsey","U.S.","San Francisco","CA","www.block.xyz","Public","As of 2021, company no longer has a designated headquarters. Market value as of March 31, 2023.",1.7532e+10,5.41e+08,3.1364e+10,4.1329e+10
"235",235,"Synchrony Financial","SYF","Financials","Diversified Financials","yes","false","false","yes",1,"yes","no","no","no","yes",18500,12709,11.3,-28.5,"Brian D. Doubles","U.S.","Stamford","CT","www.synchrony.com","Public","Market value as of March 31, 2023.",1.7526e+10,3.016e+09,1.04564e+11,1.2709e+10
"236",236,"Principal Financial","PFG","Financials","Insurance: Life, Health (stock)","yes","false","false","yes",20,"yes","no","no","no","no",19300,18068,22.6,181.3,"Daniel J. Houston","U.S.","Des Moines","IA","www.principal.com","Public","Market value as of March 31, 2023.",1.7492e+10,4.812e+09,2.9224e+11,1.8068e+10
"237",237,"Lumen Technologies","LUMN","Telecommunications","Telecommunications","no","false","true","no",-58,"no","yes","no","no","no",29000,2654,-11.2,-176.1,"Kathleen E. Johnson","U.S.","Monroe","LA","www.lumen.com","Public","Market value as of March 31, 2023.",1.7478e+10,1.548e+09,4.5581e+10,2.654e+09
"238",238,"Corteva","CTVA","Food, Beverages & Tobacco","Food Production","yes","false","false","no",-1,"no","yes","no","no","no",21000,42977,11.5,-34.8,"Charles V. Magro","U.S.","Indianapolis","IN","www.corteva.com","Public","Market value as of March 31, 2023.",1.7455e+10,1.147e+09,4.2618e+10,4.2977e+10
"239",239,"Andersons","ANDE","Food, Beverages & Tobacco","Food Production","yes","false","false","no",56,"yes","no","no","no","no",2244,1396,36.3,26.1,"Patrick E. Bowe","U.S.","Maumee","OH","www.andersonsinc.com","Public","Includes revenues from discontinued operations. Market value as of March 31, 2023.",1.7351e+10,1.31e+08,4.608e+09,1.396e+09
"240",240,"Lam Research","LRCX","Technology","Semiconductors and Other Electronic Components","yes","false","false","yes",10,"yes","no","no","no","no",17700,71532,17.8,17.8,"Timothy M. Archer","U.S.","Fremont","CA","www.lamresearch.com","Public","Figures are for fiscal year ended June 30, 2022. Market value as of March 31, 2023.",1.7227e+10,4.605e+09,1.7196e+10,7.1532e+10
"241",241,"Edison International","EIX","Energy","Utilities: Gas and Electric","yes","false","false","yes",2,"yes","no","no","no","no",13110,27010,15.5,-19.4,"Pedro J. Pizarro","U.S.","Rosemead","CA","www.edisoninvestor.com","Public","Market value as of March 31, 2023.",1.722e+10,6.12e+08,7.8041e+10,2.701e+10
"242",242,"Dominion Energy","D","Energy","Utilities: Gas and Electric","yes","false","false","yes",15,"yes","no","no","no","no",17200,46699,20.8,-69.8,"Robert M. Blue","U.S.","Richmond","VA","www.dominionenergy.com","Public","Market value as of March 31, 2023.",1.7174e+10,9.94e+08,1.04243e+11,4.6699e+10
"243",243,"Booking Holdings","BKNG","Technology","Internet Services and Retailing","yes","false","false","yes",97,"yes","no","no","no","no",21492,99859,56,162.5,"Glenn D. Fogel","U.S.","Norwalk","CT","www.bookingholdings.com","Public","Market value as of March 31, 2023.",1.709e+10,3.058e+09,2.5361e+10,9.9859e+10
"244",244,"Quanta Services","PWR","Engineering & Construction","Engineering & Construction","yes","false","false","yes",41,"yes","no","no","no","no",47300,23996,31.5,1.1,"Earl C. Austin Jr.","U.S.","Houston","TX","www.quantaservices.com","Public","Market value as of March 31, 2023.",1.7074e+10,4.91e+08,1.3464e+10,2.3996e+10
"245",245,"Expeditors Intl. of Washington","EXPD","Transportation","Transportation and Logistics","yes","false","false","yes",-20,"no","yes","no","no","no",20302,17009,3.3,-4.1,"Jeffrey S. Musser","U.S.","Seattle","WA","www.expeditors.com","Public","Market value as of March 31, 2023.",1.7071e+10,1.357e+09,5.59e+09,1.7009e+10
"246",246,"L3Harris Technologies","LHX","Aerospace & Defense","Aerospace & Defense","yes","false","false","no",-40,"no","yes","no","no","no",46000,37277,-4.2,-42.5,"Christopher E. Kubasik","U.S.","Melbourne","FL","www.l3harris.com","Public","Market value as of March 31, 2023.",1.7062e+10,1.062e+09,3.3524e+10,3.7277e+10
"247",247,"Reliance Steel & Aluminum","RS","Materials","Metals","yes","false","true","yes",14,"yes","no","no","no","no",14750,15142,20.8,30.2,"Karla R. Lewis","U.S.","Scottsdale","AZ","www.rsac.com","Public","Market value as of March 31, 2023.",1.7025e+10,1.84e+09,1.033e+10,1.5142e+10
"248",248,"Live Nation Entertainment","LYV","Media","Entertainment","yes","false","false","yes",260,"yes","no","yes","no","no",20550,16211,166.1,NA,"Michael Rapino","U.S.","Beverly Hills","CA","www.livenationentertainment.com","Public","Market value as of March 31, 2023.",1.6681e+10,2.96e+08,1.6461e+10,1.6211e+10
"249",249,"DISH Network","DISH","Telecommunications","Telecommunications","yes","false","false","no",-44,"no","yes","no","no","no",14200,4956,-6.7,-4.5,"W. Erik Carlson","U.S.","Englewood","CO","www.dish.com","Public","Market value as of March 31, 2023.",1.6679e+10,2.303e+09,5.2607e+10,4.956e+09
"250",250,"DuPont","DD","Chemicals","Chemicals","yes","false","false","no",-37,"no","yes","no","no","no",23000,32895,-3.6,-9.3,"Edward D. Breen","U.S.","Wilmington","DE","www.dupont.com","Public","Includes revenues from discontinued operations. Market value as of March 31, 2023.",1.6549e+10,5.868e+09,4.1355e+10,3.2895e+10
"251",251,"Automatic Data Processing","ADP","Business Services","Diversified Outsourcing Services","yes","false","true","yes",-9,"no","yes","no","no","no",60000,92247,9.9,13.5,"Maria Black","U.S.","Roseland","NJ","www.adp.com","Public","Figures are for fiscal year ended June 30, 2022. Market value as of March 31, 2023.",1.6498e+10,2.949e+09,6.3068e+10,9.2247e+10
"252",252,"Group 1 Automotive","GPI","Retailing","Automotive Retailing, Services","yes","false","false","yes",21,"yes","no","no","no","no",15491,3194,18.9,36.1,"Daryl A. Kenningham","U.S.","Houston","TX","www.group1auto.com","Public","Includes revenues from discontinued operations. Market value as of March 31, 2023.",1.6412e+10,7.52e+08,6.718e+09,3.194e+09
"253",253,"Aramark","ARMK","Business Services","Diversified Outsourcing Services","yes","false","false","yes",61,"yes","no","no","no","no",273875,9326,35,NA,"John J. Zillmer","U.S.","Philadelphia","PA","www.aramark.com","Public","Figures are for fiscal year ended Sept. 30, 2022. Market value as of March 31, 2023.",1.6327e+10,1.95e+08,1.5082e+10,9.326e+09
"254",254,"Thor Industries","THO","Motor Vehicles & Parts","Motor Vehicles & Parts","yes","false","false","yes",52,"yes","no","no","no","no",32000,4262,32.4,72.4,"Robert W. Martin","U.S.","Elkhart","IN","www.thorindustries.com","Public","Figures are for fiscal year ended July 31, 2022. Market value as of March 31, 2023.",1.6313e+10,1.138e+09,7.408e+09,4.262e+09
"255",255,"DXC Technology","DXC","Technology","Information Technology Services","yes","false","false","no",-48,"no","yes","no","no","no",130000,5820,-8.3,NA,"Michael J. Salvino","U.S.","Ashburn","VA","www.dxc.technology","Public","Figures are for fiscal year ended March 31, 2022. Market value as of March 31, 2023.",1.6265e+10,7.18e+08,2.0139e+10,5.82e+09
"256",256,"Viatris","VTRS","Health Care","Pharmaceuticals","yes","false","false","no",-52,"no","yes","no","no","no",37000,11513,-9.1,NA,"Scott A. Smith","U.S.","Canonsburg","PA","www.viatris.com","Public","Market value as of March 31, 2023.",1.6263e+10,2.079e+09,5.0022e+10,1.1513e+10
"257",257,"Reinsurance Group of America","RGA","Financials","Insurance: Life, Health (stock)","yes","false","true","yes",-35,"no","yes","no","no","no",3800,8876,-2.4,1,"Anna Manning","U.S.","Chesterfield","MO","www.rgare.com","Public","Market value as of March 31, 2023.",1.6258e+10,6.23e+08,8.4706e+10,8.876e+09
"258",258,"AutoZone","AZO","Retailing","Specialty Retailers: Other","yes","false","false","yes",-9,"no","yes","no","no","no",90720,45224,11.1,11.9,"William C. Rhodes III","U.S.","Memphis","TN","www.autozone.com","Public","Figures are for fiscal year ended Aug. 31, 2022. Market value as of March 31, 2023.",1.6252e+10,2.43e+09,1.5275e+10,4.5224e+10
"259",259,"PulteGroup","PHM","Engineering & Construction","Homebuilders","yes","false","false","yes",8,"yes","no","no","no","yes",6524,13073,16.5,34.5,"Ryan R. Marshall","U.S.","Atlanta","GA","www.pultegroupinc.com","Public","Market value as of March 31, 2023.",1.6229e+10,2.617e+09,1.4797e+10,1.3073e+10
"260",260,"Illinois Tool Works","ITW","Industrials","Industrial Machinery","yes","false","false","yes",-8,"no","yes","no","no","no",46000,74209,10.2,12.6,"E. Scott Santi","U.S.","Glenview","IL","www.itw.com","Public","Market value as of March 31, 2023.",1.5932e+10,3.034e+09,1.5422e+10,7.4209e+10
"261",261,"Parker-Hannifin","PH","Industrials","Industrial Machinery","yes","false","true","yes",-8,"no","yes","no","no","no",55090,43112,10.6,-24.7,"Jennifer A. Parmentier","U.S.","Cleveland","OH","www.parker.com","Public","Figures are for fiscal year ended June 30, 2022. Market value as of March 31, 2023.",1.5862e+10,1.316e+09,2.5944e+10,4.3112e+10
"262",262,"BorgWarner","BWA","Motor Vehicles & Parts","Motor Vehicles & Parts","yes","false","false","yes",-18,"no","yes","no","no","no",52700,11481,6.5,75.8,"Frederic B. Lissalde","U.S.","Auburn Hills","MI","www.borgwarner.com","Public","Market value as of March 31, 2023.",1.5801e+10,9.44e+08,1.6994e+10,1.1481e+10
"263",263,"Westlake","WLK","Chemicals","Chemicals","yes","false","false","yes",57,"yes","no","no","no","no",15920,14812,34.1,11.5,"Albert Yuan Chao","U.S.","Houston","TX","www.westlake.com","Public","Market value as of March 31, 2023.",1.5794e+10,2.247e+09,2.055e+10,1.4812e+10
"264",264,"Consolidated Edison","ED","Energy","Utilities: Gas and Electric","yes","false","false","yes",12,"yes","no","no","no","no",14319,33967,14.6,23.3,"Timothy P. Cawley","U.S.","New York","NY","www.conedison.com","Public","Market value as of March 31, 2023.",1.567e+10,1.66e+09,6.9065e+10,3.3967e+10
"265",265,"Gap","GPS","Retailing","Specialty Retailers: Apparel","no","false","false","no",-45,"no","yes","no","no","no",95000,3693,-6.3,-178.9,"Richard Dickson","U.S.","San Francisco","CA","www.gapinc.com","Public","Figures are for fiscal year ended Jan. 31, 2023. Market value as of March 31, 2023.",1.5616e+10,2.02e+08,1.1386e+10,3.693e+09
"266",266,"Opendoor Technologies","OPEN","Technology","Internet Services and Retailing","no","false","true","no",159,"yes","no","no","no","no",2570,1131,94.1,NA,"Carrie A. Wheeler","U.S.","Tempe","AZ","www.opendoor.com","Public","Market value as of March 31, 2023.",1.5567e+10,1.353e+09,6.608e+09,1.131e+09
"267",267,"Nordstrom","JWN","Retailing","General Merchandisers","yes","false","false","no",-22,"no","yes","no","no","no",60000,2606,5,37.6,"Erik B. Nordstrom","U.S.","Seattle","WA","www.nordstrom.com","Public","Figures are for fiscal year ended Jan. 31, 2023. Market value as of March 31, 2023.",1.553e+10,2.45e+08,8.745e+09,2.606e+09
"268",268,"Asbury Automotive Group","ABG","Retailing","Automotive Retailing, Services","yes","false","false","no",92,"yes","no","no","no","no",13000,4557,56.9,87.3,"David W. Hult","U.S.","Duluth","GA","www.asburyauto.com","Public","Market value as of March 31, 2023.",1.5434e+10,9.97e+08,8.021e+09,4.557e+09
"269",269,"Ball","BALL","Materials","Packaging, Containers","yes","false","false","no",3,"yes","no","no","no","no",21000,17326,11.1,-18.1,"Daniel W. Fisher","U.S.","Westminster","CO","www.ball.com","Public","Market value as of March 31, 2023.",1.5349e+10,7.19e+08,1.9909e+10,1.7326e+10
"270",270,"Kellogg","K","Food, Beverages & Tobacco","Food Consumer Products","yes","false","false","no",-12,"no","yes","no","no","no",30000,22945,8,-35.5,"Steven A. Cahillane","U.S.","Battle Creek","MI","www.kelloggcompany.com","Public","Market value as of March 31, 2023.",1.5315e+10,9.6e+08,1.8496e+10,2.2945e+10
"271",271,"Xcel Energy","XEL","Energy","Utilities: Gas and Electric","yes","false","false","yes",7,"yes","no","no","no","no",11982,37082,14,8.7,"Robert C. Frenzel","U.S.","Minneapolis","MN","www.xcelenergy.com","Public","Market value as of March 31, 2023.",1.531e+10,1.736e+09,6.1188e+10,3.7082e+10
"272",272,"W.W. Grainger","GWW","Wholesalers","Wholesalers: Diversified","yes","false","false","yes",12,"yes","no","no","no","yes",24500,34622,16.9,48.3,"D.G. Macpherson","U.S.","Lake Forest","IL","www.grainger.com","Public","Market value as of March 31, 2023.",1.5228e+10,1.547e+09,7.588e+09,3.4622e+10
"273",273,"Discover Financial Services","DFS","Financials","Commercial Banks","yes","false","false","yes",8,"yes","no","no","no","yes",20200,25635,15,-19.4,"John B. Owen","U.S.","Riverwoods","IL","www.discover.com","Public","Market value as of March 31, 2023.",1.5202e+10,4.392e+09,1.31628e+11,2.5635e+10
"274",274,"Baxter International","BAX","Health Care","Medical Products and Equipment","no","false","false","no",18,"yes","no","no","no","no",60000,20504,18.2,-289.5,"José E. Almeida","U.S.","Deerfield","IL","www.baxter.com","Public","Market value as of March 31, 2023.",1.5113e+10,2.433e+09,2.8287e+10,2.0504e+10
"275",275,"Southwestern Energy","SWN","Energy","Mining, Crude-Oil Production","yes","false","false","yes",211,"yes","no","no","no","no",1118,5506,125,NA,"William J. Way","U.S.","Spring","TX","www.swn.com","Public","Market value as of March 31, 2023.",1.5002e+10,1.849e+09,1.2926e+10,5.506e+09
"276",276,"DCP Midstream","DCP","Energy","Pipelines","yes","false","false","yes",68,"yes","no","no","no","no",1910,8701,40,169.1,"Donald A. Baldridge","U.S.","Denver","CO","www.dcpmidstream.com","Public","A partnership. Market value as of March 31, 2023.",1.4993e+10,1.052e+09,1.3334e+10,8.701e+09
"277",277,"Jacobs Solutions","J","Engineering & Construction","Engineering & Construction","yes","false","false","yes",-15,"no","yes","no","no","no",58350,14890,5.9,35,"Bob Pragada","U.S.","Dallas","TX","www.jacobs.com","Public","Figures are for fiscal year ended Sept. 30, 2022. Reorganized as holding company, Aug. 29, 2022. Jacobs Engineering is now a subsidiary of the company. Market value as of March 31, 2023.",1.4923e+10,6.44e+08,1.466e+10,1.489e+10
"278",278,"Laboratory Corp. of America","LH","Health Care","Health Care: Pharmacy and Other Services","yes","false","false","yes",-48,"no","yes","no","no","no",75200,20304,-7.7,-46.2,"Adam H. Schechter","U.S.","Burlington","NC","www.labcorp.com","Public","Market value as of March 31, 2023.",1.4877e+10,1.279e+09,2.0155e+10,2.0304e+10
"279",279,"CSX","CSX","Transportation","Railroads","yes","false","false","yes",19,"yes","no","no","no","no",22542,61330,18.6,10.2,"Joseph R. Hinrichs","U.S.","Jacksonville","FL","www.csx.com","Public","Market value as of March 31, 2023.",1.4853e+10,4.166e+09,4.1912e+10,6.133e+10
"280",280,"J.B. Hunt Transport Services","JBHT","Transportation","Trucking, Truck Leasing","yes","false","false","yes",31,"yes","no","no","no","no",37151,18208,21.7,27.4,"John N. Roberts III","U.S.","Lowell","AR","www.jbhunt.com","Public","Market value as of March 31, 2023.",1.4814e+10,9.69e+08,7.787e+09,1.8208e+10
"281",281,"Guardian Life Ins. Co. of America","","Financials","Insurance: Life, Health (Mutual)","yes","false","false","no",-34,"no","yes","no","no","no",8025,NA,NA,-75.4,"Andrew J. McMahon","U.S.","New York","NY","www.guardianlife.com","Private","Market value as of March 31, 2021.",1.4653e+10,7.1e+07,9.162e+10,NA
"282",282,"Jackson Financial","JXN","Financials","Insurance: Life, Health (stock)","yes","false","true","yes",113,"yes","no","no","no","no",3435,3078,57.4,79,"Laura L. Prieskorn","U.S.","Lansing","MI","www.jackson.com","Public","Market value as of March 31, 2023.",1.4551e+10,5.697e+09,3.11058e+11,3.078e+09
"283",283,"Fidelity National Information Services","FIS","Business Services","Financial Data Services","no","false","true","yes",-15,"no","yes","no","no","no",69000,32160,4.7,-4109.6,"Stephanie L. Ferris","U.S.","Jacksonville","FL","www.fisglobal.com","Public","Market value as of March 31, 2023.",1.4528e+10,1.672e+10,6.3278e+10,3.216e+10
"284",284,"Berry Global Group","BERY","Materials","Packaging, Containers","yes","false","false","no",-13,"no","yes","no","no","no",46000,7151,4.7,4.5,"Thomas E. Salmon","U.S.","Evansville","IN","www.berryglobal.com","Public","Figures are for fiscal year ended Sept. 30, 2022. Market value as of March 31, 2023.",1.4495e+10,7.66e+08,1.6956e+10,7.151e+09
"285",285,"Sempra","SRE","Energy","Utilities: Gas and Electric","yes","false","false","yes",3,"yes","no","no","no","no",15785,47563,12.3,62.3,"Jeffrey W. Martin","U.S.","San Diego","CA","www.sempra.com","Public","Market value as of March 31, 2023.",1.4439e+10,2.138e+09,7.8574e+10,4.7563e+10
"286",286,"IQVIA Holdings","IQV","Health Care","Health Care: Pharmacy and Other Services","yes","false","false","yes",-17,"no","yes","no","no","no",86000,37022,3.9,12.9,"Ari Bousbib","U.S.","Durham","NC","www.iqvia.com","Public","Market value as of March 31, 2023.",1.441e+10,1.091e+09,2.5337e+10,3.7022e+10
"287",287,"O'Reilly Automotive","ORLY","Retailing","Specialty Retailers: Other","yes","false","false","yes",-8,"no","yes","no","no","no",79679,52269,8.1,0.4,"Gregory D. Johnson","U.S.","Springfield","MO","www.oreillyauto.com","Public","Market value as of March 31, 2023.",1.441e+10,2.173e+09,1.2628e+10,5.2269e+10
"288",288,"Leidos Holdings","LDOS","Technology","Information Technology Services","yes","false","false","yes",-14,"no","yes","no","no","no",45000,12630,4.8,-9,"Thomas A. Bell","U.S.","Reston","VA","www.leidos.com","Public","Market value as of March 31, 2023.",1.4396e+10,6.85e+08,1.3071e+10,1.263e+10
"289",289,"Ameriprise Financial","AMP","Financials","Diversified Financials","yes","false","false","yes",-12,"no","yes","no","no","no",13500,32228,6.7,-7.3,"James M. Cracchiolo","U.S.","Minneapolis","MN","www.ameriprise.com","Public","Market value as of March 31, 2023.",1.4347e+10,2.559e+09,1.58468e+11,3.2228e+10
"290",290,"Omnicom Group","OMC","Business Services","Advertising, marketing","yes","false","false","yes",-35,"no","yes","no","no","no",74200,19001,NA,-6.5,"John D. Wren","U.S.","New York","NY","www.omnicomgroup.com","Public","Market value as of March 31, 2023.",1.4289e+10,1.317e+09,2.7003e+10,1.9001e+10
"291",291,"Tractor Supply","TSCO","Retailing","Specialty Retailers: Other","yes","false","false","yes",3,"yes","no","no","no","no",36500,25830,11.6,9.2,"Harry A. Lawton III","U.S.","Brentwood","TN","www.tractorsupply.com","Public","Market value as of March 31, 2023.",1.4205e+10,1.089e+09,8.49e+09,2.583e+10
"292",292,"Corning","GLW","Industrials","Electronics, Electrical Equip.","yes","false","false","no",-29,"no","yes","no","no","no",57500,29890,0.8,-31,"Wendell P. Weeks","U.S.","Corning","NY","www.corning.com","Public","Market value as of March 31, 2023.",1.4189e+10,1.316e+09,2.9499e+10,2.989e+10
"293",293,"Ecolab","ECL","Chemicals","Chemicals","yes","false","false","no",NA,"","","no","no","no",47000,47121,11.4,-3.4,"Christophe Beck","U.S.","St. Paul","MN","www.ecolab.com","Public","Market value as of March 31, 2023.",1.4188e+10,1.092e+09,2.1464e+10,4.7121e+10
"294",294,"Icahn Enterprises","IEP","Financials","Diversified Financials","no","false","false","yes",34,"yes","no","no","no","no",20041,18283,24.5,NA,"David Willetts","U.S.","Sunny Isles Beach","FL","www.ielp.com","Public","Excise taxes have been deducted. A partnership. Market value as of March 31, 2023.",1.4101e+10,1.83e+08,2.7914e+10,1.8283e+10
"295",295,"Farmers Insurance Exchange","","Financials","Insurance: Property and Casualty (Mutual)","no","false","false","no",-31,"no","yes","no","no","no",11344,NA,0.3,NA,"Raul Vargas","U.S.","Woodland Hills","CA","www.farmers.com","Private","Market value as of March 31, 2021.",1.4092e+10,3.14e+08,2.2979e+10,NA
"296",296,"Keurig Dr Pepper","KDP","Food, Beverages & Tobacco","Beverages","yes","false","false","yes",NA,"","","no","no","no",28000,49620,10.8,-33.1,"Robert J. Gamgort","U.S.","Burlington","MA","www.keurigdrpepper.com","Public","Market value as of March 31, 2023.",1.4057e+10,1.436e+09,5.1837e+10,4.962e+10
"297",297,"Loews","L","Financials","Insurance: Property and Casualty (Stock)","yes","false","false","yes",-51,"no","yes","no","no","no",12050,13395,-4.2,-35.9,"James S. Tisch","U.S.","New York","NY","www.loews.com","Public","Market value as of March 31, 2023.",1.4044e+10,1.012e+09,7.5494e+10,1.3395e+10
"298",298,"Equitable Holdings","EQH","Financials","Insurance: Life, Health (stock)","yes","false","false","yes",38,"yes","no","no","no","no",10250,9186,27,NA,"Mark Pearson","U.S.","New York","NY","www.equitableholdings.com","Public","Market value as of March 31, 2023.",1.4017e+10,1.785e+09,2.53468e+11,9.186e+09
"299",299,"Sonic Automotive","SAH","Retailing","Automotive Retailing, Services","yes","false","false","yes",1,"yes","no","no","no","no",10300,1930,12.9,-74.6,"David Bruton Smith","U.S.","Charlotte","NC","www.sonicautomotive.com","Public","Market value as of March 31, 2023.",1.4001e+10,8.9e+07,4.978e+09,1.93e+09
"300",300,"Fox","FOXA","Media","Entertainment","yes","false","false","yes",-13,"no","yes","no","no","no",10600,17551,8.3,-44,"Lachlan K. Murdoch","U.S.","New York","NY","www.foxcorporation.com","Public","Figures are for fiscal year ended June 30, 2022. Market value as of March 31, 2023.",1.3974e+10,1.205e+09,2.2185e+10,1.7551e+10
"301",301,"American Family Insurance Group","","Financials","Insurance: Property and Casualty (Stock)","no","false","false","no",-50,"no","yes","no","no","no",12990,NA,-5.5,-359.3,"William Westrate","U.S.","Madison","WI","www.amfam.com","Private","A mutual company, not a stock company. It is grouped with stock companies because it reports according to Generally Accepted Accounting Principles.",1.3814e+10,1.904e+09,3.6088e+10,NA
"302",302,"Entergy","ETR","Energy","Utilities: Gas and Electric","yes","false","false","no",19,"yes","no","no","no","no",11707,22851,17.2,-1.4,"Andrew S. Marsh","U.S.","New Orleans","LA","www.entergy.com","Public","Market value as of March 31, 2023.",1.3764e+10,1.103e+09,5.8595e+10,2.2851e+10
"303",303,"Fluor","FLR","Engineering & Construction","Engineering & Construction","yes","false","false","no",-44,"no","yes","no","no","no",39576,4392,-2.9,NA,"David E. Constable","U.S.","Irving","TX","www.fluor.com","Public","Market value as of March 31, 2023.",1.3744e+10,1.45e+08,6.827e+09,4.392e+09
"304",304,"Vistra","VST","Energy","Energy","no","false","false","no",11,"yes","no","no","no","no",4910,9155,13.7,NA,"James A. Burke","U.S.","Irving","TX","www.vistracorp.com","Public","Market value as of March 31, 2023.",1.3728e+10,1.227e+09,3.2787e+10,9.155e+09
"305",305,"State Street","STT","Financials","Commercial Banks","yes","false","false","yes",11,"yes","no","no","no","no",42226,26074,13.8,3,"Ronald P. O&#039;Hanley","U.S.","Boston","MA","www.statestreet.com","Public","Market value as of March 31, 2023.",1.3692e+10,2.774e+09,3.0145e+11,2.6074e+10
"306",306,"Otis Worldwide","OTIS","Industrials","Industrial Machinery","yes","false","true","no",-52,"no","yes","no","no","no",69000,35015,-4.3,0.6,"Judith F. Marks","U.S.","Farmington","CT","www.otis.com","Public","Market value as of March 31, 2023.",1.3685e+10,1.253e+09,9.819e+09,3.5015e+10
"307",307,"Peter Kiewit Sons'","","Engineering & Construction","Engineering & Construction","yes","false","false","no",6,"yes","no","no","no","no",25700,NA,12.5,-5.7,"Rick Lanoha","U.S.","Omaha","NE","www.kiewit.com","Private","Market value as of March 31, 2021.",1.3663e+10,7.1e+08,7.22e+09,NA
"308",308,"Carvana","CVNA","Retailing","Automotive Retailing, Services","no","true","false","no",-18,"no","yes","no","no","no",16600,1761,6.2,NA,"Ernest C. Garcia III","U.S.","Tempe","AZ","www.carvana.com","Public","Market value as of March 31, 2023.",1.3604e+10,1.587e+09,8.698e+09,1.761e+09
"309",309,"Republic Services","RSG","Business Services","Waste Management","yes","false","false","yes",20,"yes","no","no","no","no",40000,42763,19.6,15.3,"Jon Vander Ark","U.S.","Phoenix","AZ","www.republicservices.com","Public","Market value as of March 31, 2023.",1.3511e+10,1.488e+09,2.9053e+10,4.2763e+10
"310",310,"AECOM","ACM","Engineering & Construction","Engineering & Construction","yes","false","false","no",-50,"no","yes","no","no","no",50000,11716,-4.4,79.4,"W. Troy Rudd","U.S.","Dallas","TX","www.aecom.com","Public","Includes revenues from discontinued operations. Figures are for fiscal year ended Sept. 30, 2022. Market value as of March 31, 2023.",1.3496e+10,3.11e+08,1.1139e+10,1.1716e+10
"311",311,"Universal Health Services","UHS","Health Care","Health Care: Medical Facilities","yes","false","false","yes",-14,"no","yes","no","no","no",82500,8982,6,-31.9,"Marc D. Miller","U.S.","King of Prussia","PA","www.uhs.com","Public","Market value as of March 31, 2023.",1.3399e+10,6.76e+08,1.3494e+10,8.982e+09
"312",312,"Pacific Life","","Financials","Insurance: Life, Health (stock)","yes","false","false","yes",-46,"no","yes","no","no","no",3950,NA,-4.1,-30.8,"Darryl D. Button","U.S.","Newport Beach","CA","www.pacificlife.com","Private","A mutual company, not a stock company. It is grouped with stock companies because it reports according to Generally Accepted Accounting Principles.",1.336e+10,7.63e+08,1.99324e+11,NA
"313",313,"VMware","VMW","Technology","Computer Software","yes","false","false","yes",NA,"","","yes","no","no",38300,53496,3.9,-27.8,"Raghu Raghuram","U.S.","Palo Alto","CA","www.vmware.com","Public","Figures are for fiscal year ended Jan. 31, 2023. Spun off from Dell Technologies (2022 rank: 34), Nov. 1, 2022. Market value as of March 31, 2023.",1.335e+10,1.314e+09,3.1237e+10,5.3496e+10
"314",314,"Western & Southern Financial Group","","Financials","Insurance: Life, Health (Mutual)","yes","false","false","yes",58,"yes","no","no","no","no",2594,NA,39.3,-14.4,"John F. Barrett","U.S.","Cincinnati","OH","www.westernsouthern.com","Private","Market value as of March 31, 2021.",1.3156e+10,3.09e+08,6.9147e+10,NA
"315",315,"MGM Resorts International","MGM","Hotels, Restaurants & Leisure","Hotels, Casinos, Resorts","yes","false","false","yes",49,"yes","no","no","no","no",66000,16564,35.6,17.4,"William J. Hornbuckle","U.S.","Las Vegas","NV","www.mgmresorts.com","Public","Market value as of March 31, 2023.",1.3128e+10,1.473e+09,4.5692e+10,1.6564e+10
"316",316,"Casey's General Stores","CASY","Retailing","Specialty Retailers: Other","yes","false","false","yes",129,"yes","no","no","no","no",31466,8066,48.8,8.6,"Darren M. Rebelez","U.S.","Ankeny","IA","www.caseys.com","Public","Figures are for fiscal year ended April 30, 2022. Market value as of March 31, 2023.",1.2953e+10,3.4e+08,5.506e+09,8.066e+09
"317",317,"Crown Holdings","CCK","Materials","Packaging, Containers","yes","false","false","no",-31,"no","yes","no","no","no",26000,9934,-0.3,NA,"Timothy J. Donahue","U.S.","Tampa","FL","www.crowncork.com","Public","Market value as of March 31, 2023.",1.2943e+10,7.27e+08,1.4301e+10,9.934e+09
"318",318,"Textron","TXT","Aerospace & Defense","Aerospace & Defense","yes","false","false","yes",-16,"no","yes","no","no","no",34000,14385,3.9,15.4,"Scott C. Donnelly","U.S.","Providence","RI","www.textron.com","Public","Market value as of March 31, 2023.",1.2869e+10,8.61e+08,1.6293e+10,1.4385e+10
"319",319,"LKQ","LKQ","Wholesalers","Wholesalers: Diversified","yes","false","false","no",-36,"no","yes","no","no","no",45000,15171,-2.3,5.3,"Dominick P. Zarcone","U.S.","Chicago","IL","www.lkqcorp.com","Public","Market value as of March 31, 2023.",1.2794e+10,1.149e+09,1.2038e+10,1.5171e+10
"320",320,"Norfolk Southern","NSC","Transportation","Railroads","yes","false","false","yes",12,"yes","no","no","no","no",19300,48257,14.4,8.8,"Alan H. Shaw","U.S.","Atlanta","GA","www.norfolksouthern.com","Public","Market value as of March 31, 2023.",1.2745e+10,3.27e+09,3.8885e+10,4.8257e+10
"321",321,"Intuit","INTU","Technology","Computer Software","yes","false","false","yes",45,"yes","no","no","no","yes",21850,125076,32.1,0.2,"Sasan K. Goodarzi","U.S.","Mountain View","CA","www.intuit.com","Public","Figures are for fiscal year ended July 31, 2022. Market value as of March 31, 2023.",1.2726e+10,2.066e+09,2.7734e+10,1.25076e+11
"322",322,"Air Products & Chemicals","APD","Chemicals","Chemicals","yes","false","false","yes",28,"yes","no","no","no","no",20805,63784,23,7.5,"Seifi Ghasemi","U.S.","Allentown","PA","www.airproducts.com","Public","Figures are for fiscal year ended Sept. 30, 2022. Market value as of March 31, 2023.",1.2699e+10,2.256e+09,2.7193e+10,6.3784e+10
"323",323,"Boston Scientific","BSX","Health Care","Medical Products and Equipment","yes","false","false","yes",-4,"no","yes","no","no","no",45000,71910,6.7,-32.9,"Michael F. Mahoney","U.S.","Marlborough","MA","www.bostonscientific.com","Public","Market value as of March 31, 2023.",1.2682e+10,6.98e+08,3.2469e+10,7.191e+10
"324",324,"AGCO","AGCO","Industrials","Construction and Farm Machinery","yes","false","false","yes",10,"yes","no","no","no","no",25600,10119,13.6,-0.8,"Eric P. Hansotia","U.S.","Duluth","GA","www.agcocorp.com","Public","Market value as of March 31, 2023.",1.2651e+10,8.9e+08,1.0104e+10,1.0119e+10
"325",325,"Henry Schein","HSIC","Health Care","Wholesalers: Health Care","yes","false","false","yes",-26,"no","yes","no","no","no",22000,10705,2,-14.8,"Stanley M. Bergman","U.S.","Melville","NY","www.henryschein.com","Public","Market value as of March 31, 2023.",1.2647e+10,5.38e+08,8.607e+09,1.0705e+10
"326",326,"Amphenol","APH","Technology","Network and Other Communications Equipment","yes","false","false","yes",15,"yes","no","no","no","no",91000,48591,16.1,19.6,"R. Adam Norwitt","U.S.","Wallingford","CT","www.amphenol.com","Public","Market value as of March 31, 2023.",1.2623e+10,1.902e+09,1.5326e+10,4.8591e+10
"327",327,"AES","AES","Energy","Utilities: Gas and Electric","no","false","false","yes",6,"yes","no","no","no","no",9100,16110,13.2,NA,"Andrés R. Gluski","U.S.","Arlington","VA","www.aes.com","Public","Market value as of March 31, 2023.",1.2617e+10,5.46e+08,3.8363e+10,1.611e+10
"328",328,"Mutual of Omaha","","Financials","Insurance: Life, Health (Mutual)","no","false","false","yes",-4,"no","yes","no","no","yes",6350,NA,8.1,-200.2,"James T. Blackledge","U.S.","Omaha","NE","www.mutualofomaha.com","Private","Figures are for fiscal year ended Dec. 31, 2021.",1.2531e+10,1.77e+08,4.514e+10,NA
"329",329,"Ovintiv","OVV","Energy","Mining, Crude-Oil Production","yes","false","false","yes",71,"yes","no","no","no","no",1744,8772,44,156.9,"Brendan M. McCracken","U.S.","Denver","CO","www.ovintiv.com","Public","Market value as of March 31, 2023.",1.2464e+10,3.637e+09,1.5056e+10,8.772e+09
"330",330,"Hormel Foods","HRL","Food, Beverages & Tobacco","Food Consumer Products","yes","false","false","no",-3,"no","yes","no","no","no",20000,21796,9.4,10,"James P. Snee","U.S.","Austin","MN","www.hormelfoods.com","Public","Figures are for fiscal year ended Oct. 31, 2022. Market value as of March 31, 2023.",1.2459e+10,1e+09,1.3307e+10,2.1796e+10
"331",331,"Alcoa","AA","Materials","Metals","no","false","false","yes",-19,"no","yes","no","no","no",13100,7591,2.5,-128.7,"Roy C. Harvey","U.S.","Pittsburgh","PA","www.alcoa.com","Public","Market value as of March 31, 2023.",1.2451e+10,1.23e+08,1.4756e+10,7.591e+09
"332",332,"International Flavors & Fragrances","IFF","Chemicals","Chemicals","no","false","false","yes",-10,"no","yes","no","no","no",24600,23456,6.7,-793,"Franklin K. Clyburn Jr.","U.S.","New York","NY","www.iff.com","Public","Market value as of March 31, 2023.",1.244e+10,1.871e+09,3.5407e+10,2.3456e+10
"333",333,"Jones Financial (Edward Jones)","","Financials","Securities","yes","false","true","yes",-30,"no","yes","no","no","yes",52000,NA,0.3,-12.5,"Penny Pennington","U.S.","Des Peres","MO","www.edwardjones.com","Private","A partnership. Net income before allocations to partners. Total partnership capital subject to mandatory redemption.",1.2411e+10,1.404e+09,2.9892e+10,NA
"334",334,"Dick's Sporting Goods","DKS","Retailing","Specialty Retailers: Other","yes","false","true","yes",-27,"no","yes","no","no","no",35800,12148,0.6,-31.4,"Lauren R. Hobart","U.S.","Coraopolis","PA","www.dickssportinggoods.com","Public","Figures are for fiscal year ended Jan. 31, 2023. Market value as of March 31, 2023.",1.2368e+10,1.043e+09,8.992e+09,1.2148e+10
"335",335,"Eversource Energy","ES","Energy","Utilities: Gas and Electric","yes","false","false","yes",23,"yes","no","no","no","no",9626,27287,24.6,15.1,"Joseph R. Nolan Jr.","U.S.","Springfield","MA","www.eversource.com","Public","Market value as of March 31, 2023.",1.2289e+10,1.405e+09,5.3231e+10,2.7287e+10
"336",336,"Wayfair","W","Retailing","Internet Services and Retailing","no","true","false","no",-61,"no","yes","no","no","no",15745,3796,-10.9,NA,"Niraj S. Shah","U.S.","Boston","MA","www.wayfair.com","Public","Market value as of March 31, 2023.",1.2218e+10,1.331e+09,3.58e+09,3.796e+09
"337",337,"Community Health Systems","CYH","Health Care","Health Care: Medical Facilities","yes","false","false","no",-33,"no","yes","no","no","no",58500,670,-1.3,-80,"Tim L. Hingtgen","U.S.","Franklin","TN","www.chs.net","Public","Market value as of March 31, 2023.",1.2211e+10,4.6e+07,1.4669e+10,6.7e+08
"338",338,"Ally Financial","ALLY","Financials","Diversified Financials","yes","false","false","yes",7,"yes","no","no","no","yes",11600,7668,14.1,-44,"Jeffrey J. Brown","U.S.","Detroit","MI","www.ally.com","Public","Market value as of March 31, 2023.",1.2199e+10,1.714e+09,1.91826e+11,7.668e+09
"339",339,"Regeneron Pharmaceuticals","REGN","Health Care","Pharmaceuticals","yes","true","false","yes",-108,"no","yes","no","no","no",11851,89830,-24.3,-46.3,"Leonard S. Schleifer","U.S.","Tarrytown","NY","www.regeneron.com","Public","Market value as of March 31, 2023.",1.2173e+10,4.338e+09,2.9215e+10,8.983e+10
"340",340,"Liberty Media","LSXMA","Media","Entertainment","yes","false","false","yes",-14,"no","yes","no","no","no",7283,9130,6.7,356,"Gregory B. Maffei","U.S.","Englewood","CO","www.libertymedia.com","Public","Market value of Liberty SiriusXM stock. Market value as of March 31, 2023.",1.2164e+10,1.815e+09,4.2464e+10,9.13e+09
"341",341,"APA","APA","Energy","Mining, Crude-Oil Production","yes","false","false","yes",90,"yes","no","no","no","no",2273,11213,53,277.6,"John J. Christmann IV","U.S.","Houston","TX","www.apacorp.com","Public","Market value as of March 31, 2023.",1.2132e+10,3.674e+09,1.3147e+10,1.1213e+10
"342",342,"Qurate Retail","QRTEA","Retailing","Internet Services and Retailing","no","false","false","no",-77,"no","yes","no","no","no",24683,406,-13.8,-862.9,"David L. Rawlinson II","U.S.","Englewood","CO","www.qurateretail.com","Public","Market value as of March 31, 2023.",1.2106e+10,2.594e+09,1.2571e+10,4.06e+08
"343",343,"FirstEnergy","FE","Energy","Utilities: Gas and Electric","yes","false","false","no",NA,"","","no","no","no",12335,22924,12,-68.4,"Brian X. Tierney","U.S.","Akron","OH","www.firstenergycorp.com","Public","Excise taxes have been deducted. Market value as of March 31, 2023.",1.2053e+10,4.06e+08,4.6108e+10,2.2924e+10
"344",344,"Analog Devices","ADI","Technology","Semiconductors and Other Electronic Components","yes","false","false","no",119,"yes","no","no","no","no",24450,99764,64.2,97.7,"Vincent T. Roche","U.S.","Wilmington","MA","www.analog.com","Public","Figures are for fiscal year ended Oct. 31, 2022. Market value as of March 31, 2023.",1.2014e+10,2.749e+09,5.0302e+10,9.9764e+10
"345",345,"Ryder System","R","Transportation","Transportation and Logistics","yes","false","false","yes",20,"yes","no","no","no","no",48300,4147,24.3,67,"Robert E. Sanchez","U.S.","Miami","FL","www.ryder.com","Public","Market value as of March 31, 2023.",1.2011e+10,8.67e+08,1.4395e+10,4.147e+09
"346",346,"Avis Budget Group","CAR","Retailing","Automotive Retailing, Services","yes","false","false","yes",32,"yes","no","no","no","no",21500,7689,28.8,115.1,"Joseph A. Ferraro","U.S.","Parsippany","NJ","www.avisbudgetgroup.com","Public","Market value as of March 31, 2023.",1.1994e+10,2.764e+09,2.5927e+10,7.689e+09
"347",347,"Unum Group","UNM","Financials","Insurance: Life, Health (stock)","yes","false","false","yes",-30,"no","yes","no","no","no",10801,7805,-0.2,59.5,"Richard P. McKenney","U.S.","Chattanooga","TN","www.unum.com","Public","Market value as of March 31, 2023.",1.1991e+10,1.314e+09,6.1435e+10,7.805e+09
"348",348,"Newmont","NEM","Energy","Mining, Crude-Oil Production","no","false","false","yes",-40,"no","yes","no","no","no",14600,38947,-2.5,-136.8,"Thomas R. Palmer","U.S.","Denver","CO","www.newmont.com","Public","Market value as of March 31, 2023.",1.1915e+10,4.29e+08,3.8482e+10,3.8947e+10
"349",349,"VF","VFC","Apparel","Apparel","yes","false","false","no",31,"yes","no","no","no","no",27650,8904,28.2,240,"Bracken Darrell","U.S.","Denver","CO","www.vfc.com","Public","Figures are for fiscal year ended March 31, 2022. Market value as of March 31, 2023.",1.1842e+10,1.387e+09,1.3342e+10,8.904e+09
"350",350,"Chesapeake Energy","CHK","Energy","Mining, Crude-Oil Production","yes","false","false","no",185,"yes","no","yes","no","no",1200,10244,102.2,NA,"Domenic J. Dell&#039;Osso Jr.","U.S.","Oklahoma City","OK","www.chk.com","Public","Net income and earnings per share percent changes are not available due to emergence from bankruptcy and fresh-start accounting, Feb. 9, 2021. Market value as of March 31, 2023.",1.1743e+10,4.936e+09,1.5468e+10,1.0244e+10
"351",351,"Mohawk Industries","MHK","Household Products","Home Equipment, Furnishings","yes","false","false","no",-21,"no","yes","no","no","no",40900,6368,4.8,-97.6,"Jeffrey S. Lorberbaum","U.S.","Calhoun","GA","www.mohawkind.com","Public","Market value as of March 31, 2023.",1.1737e+10,2.5e+07,1.412e+10,6.368e+09
"352",352,"Markel","MKL","Financials","Insurance: Property and Casualty (Stock)","no","false","false","yes",-63,"no","yes","no","no","no",20900,17094,-9.1,-108.8,"Thomas S. Gayner","U.S.","Glen Allen","VA","www.markel.com","Public","Market value as of March 31, 2023.",1.1675e+10,2.14e+08,4.9791e+10,1.7094e+10
"353",353,"Expedia Group","EXPE","Retailing","Internet Services and Retailing","yes","false","false","yes",51,"yes","no","no","no","no",16500,14879,35.7,2833.3,"Peter M. Kern","U.S.","Seattle","WA","www.expediagroup.com","Public","Market value as of March 31, 2023.",1.1667e+10,3.52e+08,2.1561e+10,1.4879e+10
"354",354,"Caesars Entertainment","CZR","Hotels, Restaurants & Leisure","Hotels, Casinos, Resorts","no","false","false","no",-19,"no","yes","no","no","no",49000,10503,4.8,NA,"Thomas R. Reeg","U.S.","Reno","NV","www.caesars.com","Public","Includes revenues from discontinued operations. Market value as of March 31, 2023.",1.1647e+10,8.99e+08,3.3527e+10,1.0503e+10
"355",355,"United Rentals","URI","Business Services","Equipment Leasing","yes","false","false","yes",8,"yes","no","no","no","no",24600,27460,19.8,51.9,"Matthew J. Flannery","U.S.","Stamford","CT","www.unitedrentals.com","Public","Market value as of March 31, 2023.",1.1642e+10,2.105e+09,2.4183e+10,2.746e+10
"356",356,"Apollo Global Management","APO","Financials","Securities","no","true","false","yes",30,"yes","no","no","no","no",4258,36042,27.4,-274.8,"Marc Rowan","U.S.","New York","NY","www.apollo.com","Public","Market value as of March 31, 2023.",1.1627e+10,3.213e+09,2.59333e+11,3.6042e+10
"357",357,"DaVita","DVA","Health Care","Health Care: Medical Facilities","yes","false","false","yes",-34,"no","yes","no","no","no",70000,7332,-0.1,-42.7,"Javier J. Rodriguez","U.S.","Denver","CO","www.davita.com","Public","Market value as of March 31, 2023.",1.161e+10,5.6e+08,1.6928e+10,7.332e+09
"358",358,"Hess","HES","Energy","Mining, Crude-Oil Production","yes","false","false","yes",89,"yes","no","no","no","no",1623,40520,52.6,275,"John B. Hess","U.S.","New York","NY","www.hess.com","Public","Market value as of March 31, 2023.",1.157e+10,2.096e+09,2.1695e+10,4.052e+10
"359",359,"Fidelity National Financial","FNF","Financials","Insurance: Property and Casualty (Stock)","yes","false","false","no",-121,"no","yes","no","no","no",21759,9508,-26.1,-53.1,"Michael J. Nolan","U.S.","Jacksonville","FL","www.fnf.com","Public","Market value as of March 31, 2023.",1.1556e+10,1.136e+09,6.5589e+10,9.508e+09
"360",360,"Conagra Brands","CAG","Food, Beverages & Tobacco","Food Consumer Products","yes","false","false","no",-29,"no","yes","no","no","no",18000,17902,3.1,-31.6,"Sean M. Connolly","U.S.","Chicago","IL","www.conagrabrands.com","Public","Figures are for fiscal year ended May 31, 2022. Market value as of March 31, 2023.",1.1536e+10,8.88e+08,2.2435e+10,1.7902e+10
"361",361,"Univar Solutions","","Wholesalers","Wholesalers: Diversified","yes","false","false","yes",8,"yes","no","no","no","no",9746,5521,20.3,18.4,"David C. Jukes","U.S.","Downers Grove","IL","www.univarsolutions.com","Private","Went private, Aug. 1, 2023. Market value as of March 31, 2023.",1.1475e+10,5.45e+08,7.146e+09,5.521e+09
"362",362,"Auto-Owners Insurance","","Financials","Insurance: Property and Casualty (Mutual)","no","false","false","yes",-23,"no","yes","no","no","no",6733,NA,3.9,-104.1,"Jamie Whisnant","U.S.","Lansing","MI","www.auto-owners.com","Private","Market value as of March 31, 2021.",1.1407e+10,5.5e+07,3.3219e+10,NA
"363",363,"Raymond James Financial","RJF","Financials","Securities","yes","false","false","yes",-7,"no","yes","no","no","no",17000,20086,14.1,7.6,"Paul C. Reilly","U.S.","St. Petersburg","FL","www.raymondjames.com","Public","Figures are for fiscal year ended Sept. 30, 2022. Market value as of March 31, 2023.",1.1308e+10,1.509e+09,8.0951e+10,2.0086e+10
"364",364,"Seaboard","SEB","Food, Beverages & Tobacco","Food Production","yes","false","false","no",18,"yes","no","no","no","no",12614,4376,21.8,1.8,"Robert L. Steer","U.S.","Merriam","KS","www.seaboardcorp.com","Public","Market value as of March 31, 2023.",1.1243e+10,5.8e+08,7.902e+09,4.376e+09
"365",365,"CF Industries Holdings","CF","Chemicals","Chemicals","yes","false","false","no",127,"yes","no","no","no","no",2659,14206,71.1,264.8,"W. Anthony Will","U.S.","Deerfield","IL","www.cfindustries.com","Public","Market value as of March 31, 2023.",1.1186e+10,3.346e+09,1.3313e+10,1.4206e+10
"366",366,"S&P Global","SPGI","Business Services","Financial Data Services","yes","false","false","yes",51,"yes","no","no","no","no",39950,113066,34.8,7.4,"Douglas L. Peterson","U.S.","New York","NY","www.spglobal.com","Public","Market value as of March 31, 2023.",1.1181e+10,3.248e+09,6.1784e+10,1.13066e+11
"367",367,"W.R. Berkley","WRB","Financials","Insurance: Property and Casualty (Stock)","yes","false","false","yes",4,"yes","no","no","no","no",8186,16402,18.1,35.1,"W. Robert Berkley Jr.","U.S.","Greenwich","CT","www.berkley.com","Public","Market value as of March 31, 2023.",1.1167e+10,1.381e+09,3.3861e+10,1.6402e+10
"368",368,"Advance Auto Parts","AAP","Retailing","Specialty Retailers: Other","yes","false","false","no",-31,"no","yes","no","no","no",53500,7208,1.4,-18.5,"Shane M. O’Kelly","U.S.","Raleigh","NC","www.advanceautoparts.com","Public","Market value as of March 31, 2023.",1.1155e+10,5.02e+08,1.2019e+10,7.208e+09
"369",369,"EMCOR Group","EME","Engineering & Construction","Engineering & Construction","yes","false","false","yes",-12,"no","yes","no","no","no",35500,7754,11.8,5.9,"Anthony J. Guzzi","U.S.","Norwalk","CT","www.emcorgroup.com","Public","Market value as of March 31, 2023.",1.1076e+10,4.06e+08,5.525e+09,7.754e+09
"370",370,"Williams","WMB","Energy","Pipelines","yes","false","false","yes",-23,"no","yes","no","no","no",5043,36394,3.2,35.1,"Alan S. Armstrong","U.S.","Tulsa","OK","www.williams.com","Public","Market value as of March 31, 2023.",1.0965e+10,2.049e+09,4.8433e+10,3.6394e+10
"371",371,"Interpublic Group","IPG","Business Services","Advertising, marketing","yes","false","false","yes",-18,"no","yes","no","no","no",58400,14341,6.7,-1.6,"Philippe Krakowsky","U.S.","New York","NY","www.interpublic.com","Public","Market value as of March 31, 2023.",1.0928e+10,9.38e+08,1.8845e+10,1.4341e+10
"372",372,"TravelCenters of America","","Retailing","Specialty Retailers: Other","yes","false","false","yes",89,"yes","no","no","no","no",17195,1306,47.8,180.3,"Jonathan M. Pertchik","U.S.","Westlake","OH","www.ta-petro.com","Private","Acquired by BP Products North America, a wholly owned indirect subsidiary of BP (U.K.), May 15, 2023. Excise taxes have been deducted. Market value as of March 31, 2023.",1.0845e+10,1.64e+08,3.653e+09,1.306e+09
"373",373,"American Tower","AMT","Financials","Real estate","yes","false","false","yes",2,"yes","no","no","no","no",6391,95150,14.5,-31.2,"Thomas A. Bartlett","U.S.","Boston","MA","www.americantower.com","Public","A real estate investment trust. Market value as of March 31, 2023.",1.0711e+10,1.766e+09,6.7195e+10,9.515e+10
"374",374,"Molson Coors Beverage","TAP","Food, Beverages & Tobacco","Beverages","no","false","false","yes",-22,"no","yes","no","no","no",16600,11360,4.1,-117.4,"Gavin D.K. Hattersley","U.S.","Chicago","IL","www.molsoncoors.com","Public","Excise taxes have been deducted. Market value as of March 31, 2023.",1.0701e+10,1.75e+08,2.5868e+10,1.136e+10
"375",375,"Huntington Ingalls Industries","HII","Aerospace & Defense","Aerospace & Defense","yes","false","false","no",-5,"no","yes","no","no","no",43000,8265,12.1,6.4,"Christopher D. Kastner","U.S.","Newport News","VA","www.hii.com","Public","Market value as of March 31, 2023.",1.0676e+10,5.79e+08,1.0857e+10,8.265e+09
"376",376,"NVR","NVR","Engineering & Construction","Homebuilders","yes","false","false","no",13,"yes","no","no","no","no",6550,18096,18,39.5,"Eugene J. Bredow","U.S.","Reston","VA","www.nvrinc.com","Public","Market value as of March 31, 2023.",1.058e+10,1.726e+09,5.661e+09,1.8096e+10
"377",377,"Eastman Chemical","EMN","Chemicals","Chemicals","yes","false","false","yes",-28,"no","yes","no","no","no",14500,10048,1,-7.5,"Mark J. Costa","U.S.","Kingsport","TN","www.eastman.com","Public","Market value as of March 31, 2023.",1.058e+10,7.93e+08,1.4667e+10,1.0048e+10
"378",378,"Graybar Electric","","Wholesalers","Wholesalers: Diversified","yes","false","true","yes",21,"yes","no","no","no","no",9400,NA,20.2,72.6,"Kathleen M. Mazzarella","U.S.","St. Louis","MO","www.graybar.com","Private","Figures are for the latest twelve months ended Sept. 30, 2022. Sources: Bloomberg; S&P Global.",1.0534e+10,4.53e+08,3.749e+09,NA
"379",379,"Insight Enterprises","NSIT","Technology","Information Technology Services","yes","false","true","yes",-6,"no","yes","no","no","no",13448,4833,10.5,27.9,"Joyce A. Mullen","U.S.","Chandler","AZ","www.insight.com","Public","Market value as of March 31, 2023.",1.0431e+10,2.81e+08,5.113e+09,4.833e+09
"380",380,"Hershey","HSY","Food, Beverages & Tobacco","Food Consumer Products","yes","false","true","yes",8,"yes","no","no","no","no",18970,51909,16.1,11.3,"Michele G. Buck","U.S.","Hershey","PA","www.thehersheycompany.com","Public","Market value as of March 31, 2023.",1.0419e+10,1.645e+09,1.0949e+10,5.1909e+10
"381",381,"News Corp.","NWSA","Media","Publishing, Printing","yes","false","false","yes",-7,"no","yes","no","no","no",25500,9972,11,88.8,"Robert J. Thomson","U.S.","New York","NY","www.newscorp.com","Public","Figures are for fiscal year ended June 30, 2022. Market value as of March 31, 2023.",1.0385e+10,6.23e+08,1.7221e+10,9.972e+09
"382",382,"Toll Brothers","TOL","Engineering & Construction","Homebuilders","yes","false","false","yes",15,"yes","no","no","no","no",5200,6647,16.9,54.3,"Douglas C. Yearley Jr.","U.S.","Fort Washington","PA","www.tollbrothers.com","Public","Figures are for fiscal year ended Oct. 31, 2022. Market value as of March 31, 2023.",1.0276e+10,1.287e+09,1.2289e+10,6.647e+09
"383",383,"Ulta Beauty","ULTA","Retailing","Specialty Retailers: Other","yes","false","false","yes",19,"yes","no","no","no","no",35750,27390,18.3,26,"David C. Kimbell","U.S.","Bolingbrook","IL","www.ulta.com","Public","Figures are for fiscal year ended Jan. 31, 2023. Market value as of March 31, 2023.",1.0209e+10,1.242e+09,5.37e+09,2.739e+10
"384",384,"Assurant","AIZ","Financials","Insurance: Property and Casualty (Stock)","yes","false","false","no",-59,"no","yes","no","no","no",13700,6354,-10.7,-79.7,"Keith W. Demmings","U.S.","Atlanta","GA","www.assurant.com","Public","Market value as of March 31, 2023.",1.0193e+10,2.77e+08,3.3124e+10,6.354e+09
"385",385,"Weyerhaeuser","WY","Materials","Forest and Paper Products","yes","false","false","yes",-31,"no","yes","no","no","no",9264,22082,-0.2,-27.9,"Devin W. Stockfish","U.S.","Seattle","WA","www.weyerhaeuser.com","Public","A real estate investment trust. Market value as of March 31, 2023.",1.0184e+10,1.88e+09,1.734e+10,2.2082e+10
"386",386,"Biogen","BIIB","Health Care","Pharmaceuticals","yes","false","false","no",-48,"no","yes","no","no","no",8725,40171,-7.4,95.8,"Christopher A. Viehbacher","U.S.","Cambridge","MA","www.biogen.com","Public","Market value as of March 31, 2023.",1.0173e+10,3.047e+09,2.4554e+10,4.0171e+10
"387",387,"Dana","DAN","Motor Vehicles & Parts","Motor Vehicles & Parts","no","false","false","yes",4,"yes","no","no","no","no",41800,2172,13.5,-222.8,"James K. Kamsickas","U.S.","Maumee","OH","www.dana.com","Public","Market value as of March 31, 2023.",1.0156e+10,2.42e+08,7.449e+09,2.172e+09
"388",388,"UGI","UGI","Energy","Utilities: Gas and Electric","yes","false","false","no",67,"yes","no","no","no","no",10000,7284,35.7,-26.9,"Roger Perreault","U.S.","King of Prussia","PA","www.ugicorp.com","Public","Figures are for fiscal year ended Sept. 30, 2022. Market value as of March 31, 2023.",1.0106e+10,1.073e+09,1.7575e+10,7.284e+09
"389",389,"Chewy","CHWY","Retailing","Internet Services and Retailing","yes","false","false","no",5,"yes","no","no","no","no",19400,15959,13.6,NA,"Sumit Singh","U.S.","Plantation","FL","www.chewy.com","Public","Figures are for fiscal year ended Jan. 31, 2023. Market value as of March 31, 2023.",1.0099e+10,4.9e+07,2.515e+09,1.5959e+10
"390",390,"Owens & Minor","OMI","Health Care","Wholesalers: Health Care","yes","false","false","yes",-29,"no","yes","no","no","no",22500,1109,1.7,-89.9,"Edward A. Pesicka","U.S.","Mechanicsville","VA","www.owens-minor.com","Public","Market value as of March 31, 2023.",9.956e+09,2.2e+07,5.386e+09,1.109e+09
"391",391,"Quest Diagnostics","DGX","Health Care","Health Care: Pharmacy and Other Services","yes","false","false","no",-49,"no","yes","no","no","no",44500,15750,-8.4,-52.6,"James E. Davis","U.S.","Secaucus","NJ","www.questdiagnostics.com","Public","Market value as of March 31, 2023.",9.883e+09,9.46e+08,1.2837e+10,1.575e+10
"392",392,"Public Service Enterprise Group","PEG","Energy","Utilities: Gas and Electric","yes","false","false","no",-30,"no","yes","no","no","no",12525,31148,0.8,NA,"Ralph A. LaRossa","U.S.","Newark","NJ","www.pseg.com","Public","Market value as of March 31, 2023.",9.8e+09,1.031e+09,4.8718e+10,3.1148e+10
"393",393,"eBay","EBAY","Technology","Internet Services and Retailing","no","false","false","yes",-92,"no","yes","no","no","no",11600,23821,-21,-109.3,"Jamie Iannone","U.S.","San Jose","CA","www.ebay.com","Public","Market value as of March 31, 2023.",9.795e+09,1.269e+09,2.085e+10,2.3821e+10
"394",394,"MasTec","MTZ","Engineering & Construction","Engineering & Construction","yes","false","false","yes",35,"yes","no","no","no","no",32000,7441,23,-89.9,"José R. Mas","U.S.","Coral Gables","FL","www.mastec.com","Public","Market value as of March 31, 2023.",9.778e+09,3.3e+07,9.293e+09,7.441e+09
"395",395,"Owens Corning","OC","Materials","Building Materials, Glass","yes","false","false","no",13,"yes","no","no","no","no",19000,8697,14.9,24.7,"Brian D. Chambers","U.S.","Toledo","OH","www.owenscorning.com","Public","Market value as of March 31, 2023.",9.761e+09,1.241e+09,1.0752e+10,8.697e+09
"396",396,"Celanese","CE","Chemicals","Chemicals","yes","false","true","yes",10,"yes","no","no","no","no",13263,12068,13.3,0.2,"Lori J. Ryerkerk","U.S.","Irving","TX","www.celanese.com","Public","Market value as of March 31, 2023.",9.673e+09,1.894e+09,2.6272e+10,1.2068e+10
"397",397,"Altice USA","ATUS","Telecommunications","Telecommunications","yes","false","false","yes",-42,"no","yes","no","no","no",11000,1560,-4.4,-80.4,"Dennis Mathew","U.S.","Long Island City","NY","www.alticeusa.com","Public","Market value as of March 31, 2023.",9.648e+09,1.95e+08,3.3665e+10,1.56e+09
"398",398,"Alaska Air Group","ALK","Transportation","Airlines","yes","false","false","yes",116,"yes","no","yes","no","no",24196,5348,56.2,-87.9,"Benito Minicucci","U.S.","Seattle","WA","www.alaskaair.com","Public","Market value as of March 31, 2023.",9.646e+09,5.8e+07,1.4186e+10,5.348e+09
"399",399,"SpartanNash","SPTN","Wholesalers","Wholesalers: Food and Grocery","yes","false","false","yes",-7,"no","yes","no","no","no",14000,870,8,-53.2,"Tony B. Sarsam","U.S.","Byron Center","MI","www.spartannash.com","Public","Market value as of March 31, 2023.",9.643e+09,3.5e+07,2.307e+09,8.7e+08
"400",400,"Diamondback Energy","FANG","Energy","Mining, Crude-Oil Production","yes","false","false","yes",79,"yes","no","no","no","no",972,24816,41.9,101,"Travis D. Stice","U.S.","Midland","TX","www.diamondbackenergy.com","Public","Market value as of March 31, 2023.",9.643e+09,4.386e+09,2.6209e+10,2.4816e+10
"401",401,"Intercontinental Exchange","ICE","Financials","Securities","yes","true","false","yes",-17,"no","yes","no","no","no",8911,58372,5.1,-64.4,"Jeffrey C. Sprecher","U.S.","Atlanta","GA","www.ice.com","Public","Market value as of March 31, 2023.",9.636e+09,1.446e+09,1.94338e+11,5.8372e+10
"402",402,"Darden Restaurants","DRI","Hotels, Restaurants & Leisure","Food Services","yes","false","false","yes",63,"yes","no","no","no","no",178956,18884,33.8,51.4,"Ricardo Cardenas","U.S.","Orlando","FL","www.darden.com","Public","Figures are for fiscal year ended May 31, 2022. Market value as of March 31, 2023.",9.63e+09,9.53e+08,1.0136e+10,1.8884e+10
"403",403,"UFP Industries","UFPI","Materials","Building Materials, Glass","yes","false","false","yes",-2,"no","yes","no","no","no",15500,4964,11.5,29.3,"Matthew J. Missad","U.S.","Grand Rapids","MI","www.ufpi.com","Public","Market value as of March 31, 2023.",9.627e+09,6.93e+08,3.672e+09,4.964e+09
"404",404,"WEC Energy Group","WEC","Energy","Utilities: Gas and Electric","yes","false","false","yes",12,"yes","no","no","no","no",7022,29900,15.4,8.3,"Scott J. Lauber","U.S.","Milwaukee","WI","www.wecenergygroup.com","Public","Market value as of March 31, 2023.",9.597e+09,1.408e+09,4.1872e+10,2.99e+10
"405",405,"Yum China Holdings","YUMC","Hotels, Restaurants & Leisure","Food Services","yes","false","true","no",-46,"no","yes","no","no","no",275500,26517,-2.9,-55.4,"Joey Wat","U.S.","Plano","TX","ir.yumchina.com","Public","Market value as of March 31, 2023.",9.569e+09,4.42e+08,1.1826e+10,2.6517e+10
"406",406,"EnLink Midstream","ENLC","Energy","Pipelines","yes","false","false","yes",79,"yes","no","no","no","no",1132,5102,42.7,1512.9,"Jesse Arenivas","U.S.","Dallas","TX","www.enlink.com","Public","A limited liability company. Market value as of March 31, 2023.",9.542e+09,3.61e+08,8.651e+09,5.102e+09
"407",407,"Continental Resources","CLR","Energy","Mining, Crude-Oil Production","yes","false","false","yes",137,"yes","no","yes","no","no",1404,NA,65.6,142.3,"Doug Lawler","U.S.","Oklahoma City","OK","www.clr.com","Private","Went private, Nov. 22, 2022.",9.474e+09,4.025e+09,2.0878e+10,NA
"408",408,"Newell Brands","NWL","Household Products","Home Equipment, Furnishings","yes","false","false","no",-60,"no","yes","no","no","no",28000,5145,-10.7,-65.6,"Christopher H. Peterson","U.S.","Atlanta","GA","www.newellbrands.com","Public","Market value as of March 31, 2023.",9.459e+09,1.97e+08,1.3262e+10,5.145e+09
"409",409,"Graphic Packaging Holding","GPK","Materials","Packaging, Containers","yes","false","false","no",57,"yes","no","no","no","no",24000,7829,31.9,155.9,"Michael P. Doss","U.S.","Atlanta","GA","www.graphicpkg.com","Public","Market value as of March 31, 2023.",9.44e+09,5.22e+08,1.0328e+10,7.829e+09
"410",410,"Olin","OLN","Chemicals","Chemicals","yes","false","false","yes",-17,"no","yes","no","no","no",7780,7263,5.2,2.3,"Scott M. Sutton","U.S.","Clayton","MO","www.olin.com","Public","Market value as of March 31, 2023.",9.376e+09,1.327e+09,8.044e+09,7.263e+09
"411",411,"Fifth Third Bancorp","FITB","Financials","Commercial Banks","yes","false","false","yes",4,"yes","no","no","no","no",19319,18143,12.3,-11.7,"Timothy N. Spence","U.S.","Cincinnati","OH","www.53.com","Public","Market value as of March 31, 2023.",9.353e+09,2.446e+09,2.07452e+11,1.8143e+10
"412",412,"Thrivent Financial for Lutherans","","Financials","Insurance: Life, Health (Mutual)","yes","false","true","yes",-61,"no","yes","no","no","no",3692,NA,-9.4,-57.1,"Teresa J. Rasmussen","U.S.","Minneapolis","MN","www.thrivent.com","Private","Not a mutual company, but reports financial data according to statutory accounting.",9.347e+09,1.085e+09,1.101e+11,NA
"413",413,"CenterPoint Energy","CNP","Energy","Utilities: Gas and Electric","yes","false","false","no",1,"yes","no","no","no","no",8986,18589,11.6,-28.9,"David J. Lesar","U.S.","Houston","TX","www.centerpointenergy.com","Public","Market value as of March 31, 2023.",9.321e+09,1.057e+09,3.8546e+10,1.8589e+10
"414",414,"Erie Insurance Group","","Financials","Insurance: Property and Casualty (Mutual)","no","false","false","yes",-46,"no","yes","no","no","no",5997,NA,-3.4,-151.1,"Timothy G. NeCastro","U.S.","Erie","PA","www.erieinsurance.com","Private","Consists of a nonpublic reciprocal insurer and a publicly held management company.",9.296e+09,5.77e+08,2.6598e+10,NA
"415",415,"CommScope Holding","COMM","Technology","Network and Other Communications Equipment","no","false","false","no",-10,"no","yes","no","no","no",30000,1336,7.5,NA,"Charles L. Treadway","U.S.","Hickory","NC","www.commscope.com","Public","Market value as of March 31, 2023.",9.228e+09,1.287e+09,1.1685e+10,1.336e+09
"416",416,"KLA","KLAC","Technology","Semiconductors and Other Electronic Components","yes","false","false","yes",58,"yes","no","no","no","no",14140,55277,33.1,59.8,"Richard P. Wallace","U.S.","Milpitas","CA","www.kla.com","Public","Figures are for fiscal year ended June 30, 2022. Market value as of March 31, 2023.",9.212e+09,3.322e+09,1.2597e+10,5.5277e+10
"417",417,"JetBlue Airways","JBLU","Transportation","Airlines","no","false","false","yes",106,"yes","no","yes","no","no",18785,2383,51.7,NA,"Robin Hayes","U.S.","Long Island City","NY","www.jetblue.com","Public","Market value as of March 31, 2023.",9.158e+09,3.62e+08,1.3045e+10,2.383e+09
"418",418,"Motorola Solutions","MSI","Technology","Network and Other Communications Equipment","yes","false","false","yes",5,"yes","no","no","no","no",20000,47917,11.5,9.5,"Gregory Q. Brown","U.S.","Chicago","IL","www.motorolasolutions.com","Public","Market value as of March 31, 2023.",9.112e+09,1.363e+09,1.2814e+10,4.7917e+10
"419",419,"Citizens Financial Group","CFG","Financials","Commercial Banks","yes","false","false","yes",54,"yes","no","no","no","no",18889,14709,29.8,-10.6,"Bruce W. Van Saun","U.S.","Providence","RI","www.citizensbank.com","Public","Market value as of March 31, 2023.",9.069e+09,2.073e+09,2.26733e+11,1.4709e+10
"420",420,"Coterra Energy","CTRA","Energy","Mining, Crude-Oil Production","yes","false","false","yes",342,"yes","no","yes","no","no",1225,18786,162.4,251,"Thomas E. Jorden","U.S.","Houston","TX","www.coterra.com","Public","Market value as of March 31, 2023.",9.051e+09,4.065e+09,2.0154e+10,1.8786e+10
"421",421,"Avery Dennison","AVY","Materials","Packaging, Containers","yes","false","false","no",-9,"no","yes","no","no","no",36000,14513,7.5,2.3,"Deon Stander","U.S.","Mentor","OH","www.averydennison.com","Public","Market value as of March 31, 2023.",9.039e+09,7.57e+08,7.951e+09,1.4513e+10
"422",422,"PVH","PVH","Apparel","Apparel","yes","false","false","no",-37,"no","yes","no","no","no",25000,5592,-1.4,-79,"Stefan Larsson","U.S.","New York","NY","www.pvh.com","Public","Figures are for fiscal year ended Jan. 31, 2023. Market value as of March 31, 2023.",9.024e+09,2e+08,1.1768e+10,5.592e+09
"423",423,"GXO Logistics","GXO","Transportation","Transportation and Logistics","yes","false","false","yes",7,"yes","no","no","no","no",112000,5993,13.3,28.8,"Malcolm Wilson","U.S.","Greenwich","CT","www.gxo.com","Public","Market value as of March 31, 2023.",8.993e+09,1.97e+08,9.219e+09,5.993e+09
"424",424,"Polaris","PII","Transportation","Transportation Equipment","yes","false","false","yes",-5,"no","yes","no","no","no",16200,6304,8.9,-9.5,"Michael T. Speetzen","U.S.","Medina","MN","www.polaris.com","Public","Includes revenues from discontinued operations. Market value as of March 31, 2023.",8.987e+09,4.47e+08,5.218e+09,6.304e+09
"425",425,"Global Payments","GPN","Business Services","Financial Data Services","yes","false","false","no",-18,"no","yes","no","no","no",25000,27761,5.3,-88.5,"Cameron M. Bready","U.S.","Atlanta","GA","www.globalpaymentsinc.com","Public","Market value as of March 31, 2023.",8.976e+09,1.12e+08,4.4809e+10,2.7761e+10
"426",426,"Arconic","","Materials","Metals","no","false","false","no",26,"yes","no","no","no","no",11550,2607,19.4,NA,"Chris Ayers","U.S.","Pittsburgh","PA","www.arconic.com","Private","Went private, Aug. 18, 2023. Market value as of March 31, 2023.",8.961e+09,1.82e+08,6.015e+09,2.607e+09
"427",427,"Vertex Pharmaceuticals","VRTX","Health Care","Pharmaceuticals","yes","false","true","yes",21,"yes","no","no","no","yes",4800,81002,17.9,41.8,"Reshma Kewalramani","U.S.","Boston","MA","www.vrtx.com","Public","Market value as of March 31, 2023.",8.931e+09,3.322e+09,1.8151e+10,8.1002e+10
"428",428,"Commercial Metals","CMC","Materials","Metals","yes","false","false","yes",56,"yes","no","no","no","no",12483,5727,32.4,194.8,"Peter R. Matt","U.S.","Irving","TX","www.cmc.com","Public","Figures are for fiscal year ended Aug. 31, 2022. Market value as of March 31, 2023.",8.914e+09,1.217e+09,6.237e+09,5.727e+09
"429",429,"Autoliv","ALV","Motor Vehicles & Parts","Motor Vehicles & Parts","yes","false","false","yes",-8,"no","yes","no","no","no",65300,8013,7.4,-2.8,"Mikael Bratt","U.S.","Auburn Hills","MI","www.autoliv.com","Public","Incorporated in the U.S. and headquartered in Sweden. Its North American headquarters are in Auburn Hills, Mich. Market value as of March 31, 2023.",8.842e+09,4.23e+08,7.717e+09,8.013e+09
"430",430,"Constellation Brands","STZ","Food, Beverages & Tobacco","Beverages","no","false","false","yes",-27,"no","yes","no","no","no",10000,41688,2.4,-102,"William A. Newlands","U.S.","Victor","NY","www.cbrands.com","Public","Excise taxes have been deducted. Figures are for fiscal year ended Feb. 28, 2022. Market value as of March 31, 2023.",8.821e+09,4e+07,2.5856e+10,4.1688e+10
"431",431,"Hilton Worldwide Holdings","HLT","Hotels, Restaurants & Leisure","Hotels, Casinos, Resorts","yes","false","false","yes",107,"yes","no","yes","no","yes",159000,37535,51.6,206.1,"Christopher J. Nassetta","U.S.","McLean","VA","www.hilton.com","Public","Market value as of March 31, 2023.",8.773e+09,1.255e+09,1.5512e+10,3.7535e+10
"432",432,"Foot Locker","FL","Retailing","Specialty Retailers: Apparel","yes","false","true","no",-42,"no","yes","no","no","no",31040,3708,-2.3,-61.7,"Mary N. Dillon","U.S.","New York","NY","www.footlocker.com/corp","Public","Figures are for fiscal year ended Jan. 31, 2023. Market value as of March 31, 2023.",8.759e+09,3.42e+08,7.907e+09,3.708e+09
"433",433,"Huntsman","HUN","Chemicals","Chemicals","yes","false","false","no",-23,"no","yes","no","no","no",7000,5025,3.1,-56,"Peter R. Huntsman","U.S.","The Woodlands","TX","www.huntsman.com","Public","Includes revenues from discontinued operations. Market value as of March 31, 2023.",8.715e+09,4.6e+08,8.22e+09,5.025e+09
"434",434,"Burlington Stores","BURL","Retailing","Specialty Retailers: Apparel","yes","false","false","no",-57,"no","yes","no","no","no",38018,13123,-6.6,-43.7,"Michael B. O?Sullivan","U.S.","Burlington","NJ","www.burlingtoninvestors.com","Public","Figures are for fiscal year ended Jan. 31, 2023. Market value as of March 31, 2023.",8.703e+09,2.3e+08,7.27e+09,1.3123e+10
"435",435,"Hertz Global Holdings","HTZ","Retailing","Automotive Retailing, Services","yes","false","false","yes",27,"yes","no","no","no","no",25000,5252,18.4,462.6,"Stephen M. Scherr","U.S.","Estero","FL","www.hertz.com","Public","Market value as of March 31, 2023.",8.685e+09,2.059e+09,2.2497e+10,5.252e+09
"436",436,"Masco","MAS","Household Products","Home Equipment, Furnishings","yes","false","false","no",-23,"no","yes","no","no","no",19000,11207,3.6,105.9,"Keith J. Allman","U.S.","Livonia","MI","www.masco.com","Public","Market value as of March 31, 2023.",8.68e+09,8.44e+08,5.187e+09,1.1207e+10
"437",437,"Williams-Sonoma","WSM","Retailing","Specialty Retailers: Other","yes","false","true","yes",-17,"no","yes","no","no","no",16800,8057,5.2,0.1,"Laura J. Alber","U.S.","San Francisco","CA","www.williams-sonomainc.com","Public","Figures are for fiscal year ended Jan. 31, 2023. Market value as of March 31, 2023.",8.674e+09,1.128e+09,4.663e+09,8.057e+09
"438",438,"Chipotle Mexican Grill","CMG","Hotels, Restaurants & Leisure","Food Services","yes","false","false","yes",12,"yes","no","no","no","no",104958,47186,14.4,37.7,"Brian R. Niccol","U.S.","Newport Beach","CA","www.chipotle.com","Public","Market value as of March 31, 2023.",8.635e+09,8.99e+08,6.928e+09,4.7186e+10
"439",439,"M&T Bank","MTB","Financials","Commercial Banks","yes","false","false","yes",80,"yes","no","yes","no","no",22509,20093,40.9,7.2,"René F. Jones","U.S.","Buffalo","NY","www.mtb.com","Public","Market value as of March 31, 2023.",8.604e+09,1.992e+09,2.0073e+11,2.0093e+10
"440",440,"LPL Financial Holdings","LPLA","Financials","Securities","yes","false","false","yes",2,"yes","no","no","no","no",6415,15914,11.4,83.9,"Dan H. Arnold","U.S.","San Diego","CA","www.lpl.com","Public","Market value as of March 31, 2023.",8.601e+09,8.46e+08,9.482e+09,1.5914e+10
"441",441,"CMS Energy","CMS","Energy","Utilities: Gas and Electric","yes","false","false","yes",10,"yes","no","no","no","no",8817,17902,14,-38.1,"Garrick J. Rochow","U.S.","Jackson","MI","www.cmsenergy.com","Public","Market value as of March 31, 2023.",8.596e+09,8.37e+08,3.1353e+10,1.7902e+10
"442",442,"Campbell Soup","CPB","Food, Beverages & Tobacco","Food Consumer Products","yes","false","false","yes",-33,"no","yes","no","no","no",14700,16465,1,-24.5,"Mark A. Clouse","U.S.","Camden","NJ","www.campbellsoupcompany.com","Public","Figures are for fiscal year ended July 31, 2022. Market value as of March 31, 2023.",8.562e+09,7.57e+08,1.1892e+10,1.6465e+10
"443",443,"Arthur J. Gallagher","AJG","Financials","Diversified Financials","yes","false","false","yes",-21,"no","yes","no","no","no",43640,40955,4.2,22.9,"J. Patrick Gallagher Jr.","U.S.","Rolling Meadows","IL","www.ajg.com","Public","Market value as of March 31, 2023.",8.551e+09,1.114e+09,3.8908e+10,4.0955e+10
"444",444,"Blackstone","BX","Financials","Diversified Financials","yes","true","false","yes",-285,"no","yes","no","no","no",4695,62048,-62.3,-70.2,"Stephen A. Schwarzman","U.S.","New York","NY","www.blackstone.com","Public","Market value as of March 31, 2023.",8.518e+09,1.748e+09,4.2524e+10,6.2048e+10
"445",445,"Dover","DOV","Industrials","Industrial Machinery","yes","false","false","no",-12,"no","yes","no","no","no",25000,21237,7.6,-5.2,"Richard J. Tobin","U.S.","Downers Grove","IL","www.dovercorporation.com","Public","Market value as of March 31, 2023.",8.508e+09,1.065e+09,1.0897e+10,2.1237e+10
"446",446,"ODP","ODP","Retailing","Specialty Retailers: Other","yes","false","false","no",-67,"no","yes","no","no","no",25000,1806,-8.4,NA,"Gerry P. Smith","U.S.","Boca Raton","FL","www.theodpcorp.com","Public","Market value as of March 31, 2023.",8.491e+09,1.66e+08,4.149e+09,1.806e+09
"447",447,"Packaging Corp. of America","PKG","Materials","Packaging, Containers","yes","false","false","no",-6,"no","yes","no","no","no",15100,12479,9.7,22.4,"Mark W. Kowlzan","U.S.","Lake Forest","IL","www.packagingcorp.com","Public","Market value as of March 31, 2023.",8.478e+09,1.03e+09,8.004e+09,1.2479e+10
"448",448,"Brighthouse Financial","BHF","Financials","Insurance: Life, Health (stock)","yes","false","false","no",20,"yes","no","no","no","no",1500,2986,18.6,NA,"Eric T. Steigerwalt","U.S.","Charlotte","NC","www.brighthousefinancial.com","Public","Market value as of March 31, 2023.",8.473e+09,5e+06,2.2558e+11,2.986e+09
"449",449,"Beacon Roofing Supply","BECN","Wholesalers","Wholesalers: Diversified","yes","false","false","yes",29,"yes","no","no","no","no",7478,3781,23.6,88.6,"Julian G. Francis","U.S.","Herndon","VA","www.becn.com","Public","Market value as of March 31, 2023.",8.43e+09,4.58e+08,6.004e+09,3.781e+09
"450",450,"Airbnb","ABNB","Technology","Internet Services and Retailing","yes","true","false","yes",78,"yes","no","yes","no","no",6811,79682,40.2,NA,"Brian Chesky","U.S.","San Francisco","CA","www.airbnb.com","Public","Market value as of March 31, 2023.",8.399e+09,1.893e+09,1.6038e+10,7.9682e+10
"451",451,"Boise Cascade","BCC","Wholesalers","Wholesalers: Diversified","yes","false","false","yes",-19,"no","yes","no","no","no",6840,2506,5.8,20.4,"Nathan R. Jorgensen","U.S.","Boise","ID","www.bc.com","Public","Market value as of March 31, 2023.",8.387e+09,8.58e+08,3.241e+09,2.506e+09
"452",452,"Booz Allen Hamilton Holding","BAH","Technology","Information Technology Services","yes","false","false","yes",-16,"no","yes","no","no","no",29300,12261,6.4,-23.4,"Horacio D. Rozanski","U.S.","McLean","VA","www.boozallen.com","Public","Figures are for fiscal year ended March 31, 2022. Market value as of March 31, 2023.",8.364e+09,4.67e+08,6.026e+09,1.2261e+10
"453",453,"Westinghouse Air Brake Technologies","WAB","Industrials","Industrial Machinery","yes","false","false","yes",-14,"no","yes","no","no","no",27000,18226,6.9,13.4,"Rafael O. Santana","U.S.","Pittsburgh","PA","www.wabteccorp.com","Public","Market value as of March 31, 2023.",8.362e+09,6.33e+08,1.8516e+10,1.8226e+10
"454",454,"ON Semiconductor","ON","Technology","Semiconductors and Other Electronic Components","yes","false","false","no",29,"yes","no","no","no","no",31055,35560,23.5,88.4,"Hassane S. El-Khoury","U.S.","Scottsdale","AZ","www.onsemi.com","Public","Market value as of March 31, 2023.",8.326e+09,1.902e+09,1.1979e+10,3.556e+10
"455",455,"Oshkosh","OSK","Industrials","Construction and Farm Machinery","yes","false","false","no",-27,"no","yes","no","no","no",15000,5445,4.1,-57.5,"John C. Pfeifer","U.S.","Oshkosh","WI","www.oshkoshcorp.com","Public","Market value as of March 31, 2023.",8.282e+09,1.74e+08,7.729e+09,5.445e+09
"456",456,"Franklin Resources","BEN","Financials","Securities","yes","false","true","no",-45,"no","yes","no","no","no",9800,13480,-1.8,-29.5,"Jennifer M. Johnson","U.S.","San Mateo","CA","www.franklinresources.com","Public","Figures are for fiscal year ended Sept. 30, 2022. Market value as of March 31, 2023.",8.275e+09,1.292e+09,2.8061e+10,1.348e+10
"457",457,"Taylor Morrison Home","TMHC","Engineering & Construction","Homebuilders","yes","false","true","no",-4,"no","yes","no","no","no",3000,4144,9.6,58.8,"Sheryl D. Palmer","U.S.","Scottsdale","AZ","www.taylormorrison.com","Public","Market value as of March 31, 2023.",8.225e+09,1.053e+09,8.471e+09,4.144e+09
"458",458,"A-Mark Precious Metals","AMRK","Wholesalers","Wholesalers: Diversified","yes","false","false","yes",-12,"no","yes","no","no","no",381,815,7.2,-17,"Gregory N. Roberts","U.S.","El Segundo","CA","www.amark.com","Public","Figures are for fiscal year ended June 30, 2022. Market value as of March 31, 2023.",8.159e+09,1.33e+08,1.443e+09,8.15e+08
"459",459,"KeyCorp","KEY","Financials","Commercial Banks","yes","false","false","yes",-10,"no","yes","no","no","no",17660,11579,7.5,-27,"Christopher M. Gorman","U.S.","Cleveland","OH","www.key.com","Public","Market value as of March 31, 2023.",8.13e+09,1.917e+09,1.89813e+11,1.1579e+10
"460",460,"ARKO","ARKO","Retailing","Specialty Retailers: Other","yes","false","false","yes",38,"yes","no","no","no","no",12223,1020,26.7,21.2,"Arie Kotler","U.S.","Richmond","VA","www.arkocorp.com","Public","Excise taxes have been deducted. Market value as of March 31, 2023.",8.128e+09,7.2e+07,3.255e+09,1.02e+09
"461",461,"Lululemon athletica","LULU","Retailing","Specialty Retailers: Apparel","yes","false","false","yes",48,"yes","no","yes","no","no",34000,46312,29.6,-12.4,"Calvin McDonald","U.S.","Sumner","WA","www.lululemon.com","Public","Figures are for fiscal year ended Jan. 31, 2023. Incorporated in the U.S. and headquartered in Vancouver, British Columbia. Market value as of March 31, 2023.",8.111e+09,8.55e+08,5.607e+09,4.6312e+10
"462",462,"Old Republic International","ORI","Financials","Insurance: Property and Casualty (Stock)","yes","false","false","no",-86,"no","yes","no","no","no",9500,7399,-13.5,-55.3,"Craig R. Smiddy","U.S.","Chicago","IL","www.oldrepublic.com","Public","Market value as of March 31, 2023.",8.084e+09,6.86e+08,2.5159e+10,7.399e+09
"463",463,"Zoetis","ZTS","Health Care","Pharmaceuticals","yes","false","true","yes",-23,"no","yes","no","no","no",13800,77053,3.9,3.8,"Kristin C. Peck","U.S.","Parsippany","NJ","www.zoetis.com","Public","Market value as of March 31, 2023.",8.08e+09,2.114e+09,1.4925e+10,7.7053e+10
"464",464,"Marathon Oil","MRO","Energy","Mining, Crude-Oil Production","yes","false","false","yes",105,"yes","no","yes","no","no",1570,15087,47,281.8,"Lee M. Tillman","U.S.","Houston","TX","www.marathonoil.com","Public","Market value as of March 31, 2023.",8.036e+09,3.612e+09,1.994e+10,1.5087e+10
"465",465,"J.M. Smucker","SJM","Food, Beverages & Tobacco","Food Consumer Products","yes","false","false","no",-39,"no","yes","no","no","no",6700,16781,NA,-27.9,"Mark T. Smucker","U.S.","Orrville","OH","www.jmsmucker.com","Public","Figures are for fiscal year ended April 30, 2022. Market value as of March 31, 2023.",7.999e+09,6.32e+08,1.6055e+10,1.6781e+10
"466",466,"Huntington Bancshares","HBAN","Financials","Commercial Banks","yes","false","false","yes",55,"yes","no","yes","no","no",19920,16236,30.8,72.8,"Stephen D. Steinour","U.S.","Columbus","OH","www.huntington.com","Public","Market value as of March 31, 2023.",7.95e+09,2.238e+09,1.82906e+11,1.6236e+10
"467",467,"NGL Energy Partners","NGL","Energy","Pipelines","no","false","false","no",114,"yes","no","yes","no","no",842,381,51.6,NA,"H. Michael Krimbill","U.S.","Tulsa","OK","www.nglenergypartners.com","Public","A partnership. Figures are for fiscal year ended March 31, 2022. Market value as of March 31, 2023.",7.948e+09,1.85e+08,6.07e+09,3.81e+08
"468",468,"Ingredion","INGR","Food, Beverages & Tobacco","Food Production","yes","false","false","no",8,"yes","no","no","no","no",11700,6711,15.3,320.5,"James P. Zallie","U.S.","Westchester","IL","www.ingredion.com","Public","Market value as of March 31, 2023.",7.946e+09,4.92e+08,7.561e+09,6.711e+09
"469",469,"Fortune Brands Innovations","FBIN","Materials","Building Materials, Glass","yes","false","false","no",-25,"no","yes","no","no","no",11200,7457,3.5,-11.1,"Nicholas I. Fink","U.S.","Deerfield","IL","www.fbin.com","Public","Includes revenues from discontinued operations. Spun off MasterBrand and changed name from Fortune Brands Home & Security, Dec. 14, 2022. Market value as of March 31, 2023.",7.923e+09,6.87e+08,6.121e+09,7.457e+09
"470",470,"PPL","PPL","Energy","Utilities: Gas and Electric","yes","false","false","yes",-1,"no","yes","no","no","no",6527,20472,10.9,NA,"Vincent Sorgi","U.S.","Allentown","PA","www.pplweb.com","Public","Market value as of March 31, 2023.",7.902e+09,7.56e+08,3.7837e+10,2.0472e+10
"471",471,"Sanmina","SANM","Technology","Semiconductors and Other Electronic Components","yes","true","false","yes",11,"yes","no","no","no","no",36000,3559,16.8,-4.8,"Jure Sola","U.S.","San Jose","CA","www.sanmina.com","Public","Figures are for fiscal year ended Sept. 30, 2022. Market value as of March 31, 2023.",7.891e+09,2.56e+08,4.86e+09,3.559e+09
"472",472,"Bed Bath & Beyond","BBBYQ","Retailing","Specialty Retailers: Other","no","false","true","no",-91,"no","yes","no","no","no",32000,183,-14.8,NA,"Sue E. Gove","U.S.","Union","NJ","www.bedbathandbeyond.com","Public","Filed for Chapter 11 bankruptcy protection and began a wind-down process as it seeks buyers for its assets, April 23, 2023. Figures are for fiscal year ended Feb. 28, 2022. Market value as of March 31, 2023.",7.868e+09,5.6e+08,5.131e+09,1.83e+08
"473",473,"Cintas","CTAS","Business Services","Diversified Outsourcing Services","yes","false","false","yes",-3,"no","yes","no","no","no",43000,47042,10.4,11.2,"Todd M. Schneider","U.S.","Cincinnati","OH","www.cintas.com","Public","Figures are for fiscal year ended May 31, 2022. Market value as of March 31, 2023.",7.855e+09,1.236e+09,8.147e+09,4.7042e+10
"474",474,"NCR","NCR","Technology","Computers, Office Equipment","yes","false","false","no",-8,"no","yes","no","no","no",35000,3304,9.6,-38.1,"Michael D. Hayford","U.S.","Atlanta","GA","www.ncr.com","Public","Market value as of March 31, 2023.",7.844e+09,6e+07,1.1507e+10,3.304e+09
"475",475,"ABM Industries","ABM","Business Services","Diversified Outsourcing Services","yes","false","false","yes",35,"yes","no","yes","no","no",127000,2971,25.3,82.4,"Scott B. Salmirs","U.S.","New York","NY","www.abm.com","Public","Figures are for fiscal year ended Oct. 31, 2022. Market value as of March 31, 2023.",7.807e+09,2.3e+08,4.869e+09,2.971e+09
"476",476,"Rockwell Automation","ROK","Industrials","Electronics, Electrical Equip.","yes","false","false","yes",-4,"no","yes","no","no","no",26000,33683,10.9,-31.4,"Blake D. Moret","U.S.","Milwaukee","WI","www.rockwellautomation.com","Public","Figures are for fiscal year ended Sept. 30, 2022. Market value as of March 31, 2023.",7.76e+09,9.32e+08,1.0759e+10,3.3683e+10
"477",477,"Northern Trust","NTRS","Financials","Commercial Banks","yes","false","false","yes",16,"yes","no","no","no","no",23600,18309,19.5,-13.5,"Michael G. O&#039;Grady","U.S.","Chicago","IL","www.northerntrust.com","Public","Market value as of March 31, 2023.",7.752e+09,1.336e+09,1.55037e+11,1.8309e+10
"478",478,"XPO","XPO","Transportation","Transportation and Logistics","yes","false","false","no",-187,"no","yes","no","no","no",39500,3685,-39.7,98.2,"Mario A. Harik","U.S.","Greenwich","CT","www.xpo.com","Public","Changed name from XPO Logistics, Dec. 19, 2022. Spun off RXO (2022 rank: 665), Nov. 1, 2022. Market value as of March 31, 2023.",7.718e+09,6.66e+08,6.269e+09,3.685e+09
"479",479,"Science Applications International","SAIC","Technology","Information Technology Services","yes","false","true","no",-23,"no","yes","no","no","no",25000,5871,4.2,8.3,"Nazzic S. Keene","U.S.","Reston","VA","www.saic.com","Public","Figures are for fiscal year ended Jan. 31, 2023. Market value as of March 31, 2023.",7.704e+09,3e+08,5.543e+09,5.871e+09
"480",480,"Ameren","AEE","Energy","Utilities: Gas and Electric","yes","false","false","yes",20,"yes","no","no","no","no",9244,22675,25.2,8.5,"Martin J. Lyons Jr.","U.S.","St. Louis","MO","www.ameren.com","Public","Excise taxes have been deducted. Market value as of March 31, 2023.",7.662e+09,1.074e+09,3.7904e+10,2.2675e+10
"481",481,"First American Financial","FAF","Financials","Insurance: Property and Casualty (Stock)","yes","false","false","no",-98,"no","yes","no","no","yes",21153,5750,-17.5,-78.8,"Kenneth D. DeGiorgio","U.S.","Santa Ana","CA","www.firstam.com","Public","Market value as of March 31, 2023.",7.605e+09,2.63e+08,1.4955e+10,5.75e+09
"482",482,"Bath & Body Works","BBWI","Retailing","Specialty Retailers: Other","yes","false","true","yes",-47,"no","yes","no","no","no",33000,8368,-4.1,-40,"Gina R. Boswell","U.S.","Columbus","OH","www.bbwinc.com","Public","Figures are for fiscal year ended Jan. 31, 2023. Market value as of March 31, 2023.",7.56e+09,8e+08,5.494e+09,8.368e+09
"483",483,"Regions Financial","RF","Financials","Commercial Banks","yes","false","false","yes",6,"yes","no","no","no","no",20073,17346,14,-10.9,"John M. Turner Jr.","U.S.","Birmingham","AL","www.regions.com","Public","Market value as of March 31, 2023.",7.531e+09,2.245e+09,1.5522e+11,1.7346e+10
"484",484,"Activision Blizzard","ATVI","Media","Entertainment","yes","false","false","yes",-88,"no","yes","no","no","no",13000,67126,-14.5,-43.9,"Robert A. Kotick","U.S.","Santa Monica","CA","www.activisionblizzard.com","Public","Market value as of March 31, 2023.",7.528e+09,1.513e+09,2.7383e+10,6.7126e+10
"485",485,"Avantor","AVTR","Technology","Scientific, Photographic and Control Equipment","yes","false","false","yes",-28,"no","yes","no","no","no",14500,14271,1.7,19.9,"Michael Stubblefield","U.S.","Radnor","PA","www.avantorsciences.com","Public","Market value as of March 31, 2023.",7.512e+09,6.87e+08,1.3464e+10,1.4271e+10
"486",486,"Genworth Financial","GNW","Financials","Insurance: Life, Health (stock)","yes","false","false","no",-52,"no","yes","no","no","no",2500,2477,-4.8,-32.6,"Thomas J. McInerney","U.S.","Richmond","VA","www.genworth.com","Public","Market value as of March 31, 2023.",7.507e+09,6.09e+08,8.6442e+10,2.477e+09
"487",487,"EQT","EQT","Energy","Energy","yes","false","false","yes",334,"yes","no","yes","no","no",744,11499,144.6,NA,"Toby Z. Rice","U.S.","Pittsburgh","PA","www.eqt.com","Public","Market value as of March 31, 2023.",7.498e+09,1.771e+09,2.267e+10,1.1499e+10
"488",488,"Skechers U.S.A.","SKX","Apparel","Apparel","yes","true","false","yes",18,"yes","no","yes","no","no",11450,7379,18,-49.7,"Robert Greenberg","U.S.","Manhattan Beach","CA","www.skechers.com","Public","Market value as of March 31, 2023.",7.445e+09,3.73e+08,6.894e+09,7.379e+09
"489",489,"Landstar System","LSTR","Transportation","Trucking, Truck Leasing","yes","false","false","yes",2,"yes","no","no","no","no",1449,6457,13.7,12.9,"James B. Gattoni","U.S.","Jacksonville","FL","www.landstar.com","Public","Market value as of March 31, 2023.",7.44e+09,4.31e+08,1.932e+09,6.457e+09
"490",490,"Knight-Swift Transportation Holdings","KNX","Transportation","Trucking, Truck Leasing","yes","false","false","yes",37,"yes","no","yes","no","no",28300,9106,23.9,3.8,"David A. Jackson","U.S.","Phoenix","AZ","www.knight-swift.com","Public","Market value as of March 31, 2023.",7.429e+09,7.71e+08,1.0952e+10,9.106e+09
"491",491,"SVB Financial Group","SIVBQ","Financials","Commercial Banks","yes","false","false","yes",33,"yes","no","yes","no","no",8553,54,22.8,-8.8,"William Kosturos","U.S.","Santa Clara","CA","www.svb.com","Public","Filed for Chapter 11 bankruptcy protection, March 17, 2023. Federal Deposit Insurance Corporation was appointed as receiver of wholly owned subsidiary, Silicon Valley Bank, March 10, 2023. Company is no longer the parent company of the Bank. Market value as of March 31, 2023.",7.401e+09,1.672e+09,2.11793e+11,5.4e+07
"492",492,"Par Pacific Holdings","PARR","Energy","Petroleum Refining","yes","false","false","yes",142,"yes","no","yes","no","no",1397,1773,55.4,NA,"William C. Pate","U.S.","Houston","TX","www.parpacific.com","Public","Excise taxes have been deducted. Market value as of March 31, 2023.",7.322e+09,3.64e+08,3.281e+09,1.773e+09
"493",493,"Albemarle","ALB","Chemicals","Chemicals","yes","false","false","yes",287,"yes","no","yes","no","no",7400,25928,120,2075,"J. Kent Masters","U.S.","Charlotte","NC","www.albemarle.com","Public","Market value as of March 31, 2023.",7.32e+09,2.69e+09,1.5457e+10,2.5928e+10
"494",494,"Vulcan Materials","VMC","Materials","Building Materials, Glass","yes","false","false","yes",68,"yes","no","yes","no","no",11974,22827,31.8,-14.2,"J. Thomas Hill","U.S.","Birmingham","AL","www.vulcanmaterials.com","Public","Market value as of March 31, 2023.",7.315e+09,5.76e+08,1.4235e+10,2.2827e+10
"495",495,"Watsco","WSO","Wholesalers","Wholesalers: Diversified","yes","false","false","yes",12,"yes","no","yes","no","no",7238,12354,15.8,43.5,"Albert H. Nahmad","U.S.","Miami","FL","www.watsco.com","Public","Market value as of March 31, 2023.",7.274e+09,6.01e+08,3.488e+09,1.2354e+10
"496",496,"KKR","KKR","Financials","Securities","no","false","false","yes",-358,"no","yes","no","no","no",4150,45225,-72.2,-118,"Joseph Y. Bae/Scott C. Nuttall","U.S.","New York","NY","www.kkr.com","Public","Market value as of March 31, 2023.",7.273e+09,8.41e+08,2.77077e+11,4.5225e+10
"497",497,"Equinix","EQIX","Financials","Real estate","yes","false","false","yes",-10,"no","yes","no","no","no",12097,66873,9.5,40.8,"Charles J. Meyers","U.S.","Redwood City","CA","www.equinix.com","Public","A real estate investment trust. Market value as of March 31, 2023.",7.263e+09,7.04e+08,3.0311e+10,6.6873e+10
"498",498,"Sonoco Products","SON","Materials","Packaging, Containers","yes","false","false","yes",58,"yes","no","yes","no","no",22000,5975,29.7,NA,"R. Howard Coker","U.S.","Hartsville","SC","www.sonoco.com","Public","Market value as of March 31, 2023.",7.251e+09,4.66e+08,7.053e+09,5.975e+09
"499",499,"ServiceNow","NOW","Technology","Computer Software","yes","false","false","yes",32,"yes","no","yes","no","yes",20433,94338,22.9,41.3,"William R. McDermott","U.S.","Santa Clara","CA","www.servicenow.com","Public","Market value as of March 31, 2023.",7.245e+09,3.25e+08,1.3299e+10,9.4338e+10
"500",500,"Robert Half","RHI","Business Services","Temporary Help","yes","false","false","yes",-6,"no","yes","no","no","yes",16300,8677,12,9.9,"M. Keith Waddell","U.S.","Menlo Park","CA","www.roberthalf.com","Public","Changed name from Robert Half International, July 17, 2023. Market value as of March 31, 2023.",7.238e+09,6.58e+08,2.965e+09,8.677e+09
"501",501,"NOV","NOV","Energy","Oil and Gas Equipment, Services","yes","false","false","yes",65,"yes","no","n/a","no","no",32307,7288,31,NA,"Clay C. Williams","U.S.","Houston","TX","www.nov.com","Public","Market value as of March 31, 2023.",7.237e+09,1.55e+08,1.0135e+10,7.288e+09
"502",502,"Jefferies Financial Group","JEF","Financials","Diversified Financials","yes","false","false","no",-115,"no","yes","n/a","no","no",5381,7411,-20.9,-53.1,"Richard B. Handler","U.S.","New York","NY","www.jefferies.com","Public","Figures are for fiscal year ended Nov. 30, 2022. Market value as of March 31, 2023.",7.149e+09,7.85e+08,5.1058e+10,7.411e+09
"503",503,"Veritiv","VRTV","Wholesalers","Wholesalers: Diversified","yes","false","false","no",-26,"no","yes","n/a","no","no",5000,1831,4.3,133.7,"Salvatore A. Abbate","U.S.","Atlanta","GA","www.veritivcorp.com","Public","Market value as of March 31, 2023.",7.146e+09,3.38e+08,2.09e+09,1.831e+09
"504",504,"Antero Resources","AR","Energy","Mining, Crude-Oil Production","yes","true","false","yes",135,"yes","no","n/a","no","no",586,6817,54.5,NA,"Paul M. Rady","U.S.","Denver","CO","www.anteroresources.com","Public","Market value as of March 31, 2023.",7.138e+09,1.899e+09,1.4118e+10,6.817e+09
"505",505,"Clorox","CLX","Household Products","Household and Personal Products","yes","false","true","no",-46,"no","yes","n/a","no","no",9000,19547,-3.2,-34.9,"Linda Rendle","U.S.","Oakland","CA","www.thecloroxcompany.com","Public","Figures are for fiscal year ended June 30, 2022. Market value as of March 31, 2023.",7.107e+09,4.62e+08,6.158e+09,1.9547e+10
"506",505,"Xerox Holdings","XRX","Technology","Computers, Office Equipment","no","false","false","no",-34,"no","yes","n/a","no","no",20500,2409,1,NA,"Steve J. Bandrowczak","U.S.","Norwalk","CT","www.xerox.com","Public","Market value as of March 31, 2023.",7.107e+09,3.22e+08,1.1543e+10,2.409e+09
"507",507,"Rush Enterprises","RUSHB","Retailing","Automotive Retailing, Services","yes","false","false","yes",83,"yes","no","n/a","no","no",7987,3033,38.5,62.1,"W. M. Rush","U.S.","New Braunfels","TX","www.rushenterprises.com","Public","Market value as of March 31, 2023.",7.102e+09,3.91e+08,3.821e+09,3.033e+09
"508",508,"Amkor Technology","AMKR","Technology","Semiconductors and Other Electronic Components","yes","false","false","yes",8,"yes","no","n/a","no","no",31300,6382,15.5,19.1,"Guillaume Marie Jean Rutten","U.S.","Tempe","AZ","www.amkor.com","Public","Market value as of March 31, 2023.",7.092e+09,7.66e+08,6.822e+09,6.382e+09
"509",509,"Zimmer Biomet Holdings","ZBH","Health Care","Medical Products and Equipment","yes","false","false","no",-71,"no","yes","n/a","no","no",18000,27106,-9.6,-42.4,"Ivan Tornos","U.S.","Warsaw","IN","www.zimmerbiomet.com","Public","Includes revenues from discontinued operations. Market value as of March 31, 2023.",7.088e+09,2.31e+08,2.1066e+10,2.7106e+10
"510",510,"American Financial Group","AFG","Financials","Insurance: Property and Casualty (Stock)","yes","false","false","yes",-56,"no","yes","n/a","no","no",6900,10352,-5.7,-55,"Carl H. Lindner lll/S. Craig Lindner","U.S.","Cincinnati","OH","www.afginc.com","Public","Market value as of March 31, 2023.",7.04e+09,8.98e+08,2.8831e+10,1.0352e+10
"511",511,"Dillard's","DDS","Retailing","General Merchandisers","yes","false","false","no",-23,"no","yes","n/a","no","no",24750,5249,5.6,3.4,"William T. Dillard II","U.S.","Little Rock","AR","www.dillards.com","Public","Figures are for fiscal year ended Jan. 31, 2023. Market value as of March 31, 2023.",6.996e+09,8.92e+08,3.329e+09,5.249e+09
"512",512,"Electronic Arts","EA","Media","Entertainment","yes","false","false","yes",40,"yes","no","n/a","no","no",12900,33031,24.2,-5.7,"Andrew Wilson","U.S.","Redwood City","CA","www.ea.com","Public","Figures are for fiscal year ended March 31, 2022. Market value as of March 31, 2023.",6.991e+09,7.89e+08,1.38e+10,3.3031e+10
"513",513,"Crown Castle","CCI","Financials","Real estate","yes","false","false","no",-10,"no","yes","n/a","no","no",5000,58042,10.2,52.8,"Jay A. Brown","U.S.","Houston","TX","www.crowncastle.com","Public","Changed name from Crown Castle International, Aug. 1, 2022. A real estate investment trust. Market value as of March 31, 2023.",6.986e+09,1.675e+09,3.8921e+10,5.8042e+10
"514",514,"Fastenal","FAST","Wholesalers","Wholesalers: Diversified","yes","false","false","yes",11,"yes","no","n/a","no","no",19854,30798,16.1,17.5,"Daniel L. Florness","U.S.","Winona","MN","www.fastenal.com","Public","Market value as of March 31, 2023.",6.981e+09,1.087e+09,4.549e+09,3.0798e+10
"515",515,"MDU Resources Group","MDU","Energy","Energy","yes","false","false","yes",32,"yes","no","n/a","no","no",14929,6207,22.8,-2.8,"David L. Goodin","U.S.","Bismarck","ND","www.mdu.com","Public","Market value as of March 31, 2023.",6.974e+09,3.68e+08,9.661e+09,6.207e+09
"516",516,"Camping World Holdings","CWH","Retailing","Automotive Retailing, Services","yes","false","false","yes",-41,"no","yes","n/a","no","no",13177,1995,0.8,-50.8,"Marcus A. Lemonis","U.S.","Lincolnshire","IL","www.campingworld.com","Public","Market value as of March 31, 2023.",6.967e+09,1.37e+08,4.8e+09,1.995e+09
"517",517,"Anywhere Real Estate","HOUS","Financials","Real estate","no","false","false","no",-90,"no","yes","n/a","no","no",8958,583,-13.5,-183.7,"Ryan M. Schneider","U.S.","Madison","NJ","www.anywhere.re","Public","Changed name from Realogy Holdings, June 9, 2022. Market value as of March 31, 2023.",6.908e+09,2.87e+08,6.383e+09,5.83e+08
"518",518,"KB Home","KBH","Engineering & Construction","Homebuilders","yes","false","false","yes",25,"yes","no","n/a","no","no",2366,3299,20.6,44.6,"Jeffrey T. Mezger","U.S.","Los Angeles","CA","www.kbhome.com","Public","Figures are for fiscal year ended Nov. 30, 2022. Market value as of March 31, 2023.",6.904e+09,8.17e+08,6.652e+09,3.299e+09
"519",519,"O-I Glass","OI","Materials","Packaging, Containers","yes","false","false","no",-18,"no","yes","n/a","no","no",24000,3525,7.8,291.9,"Andres A. Lopez","U.S.","Perrysburg","OH","www.o-i.com","Public","Market value as of March 31, 2023.",6.856e+09,5.84e+08,9.061e+09,3.525e+09
"520",520,"Agilent Technologies","A","Technology","Scientific, Photographic and Control Equipment","yes","false","false","yes",-16,"no","yes","n/a","no","no",18100,40907,8.4,3.6,"Michael R. McMullen","U.S.","Santa Clara","CA","www.agilent.com","Public","Figures are for fiscal year ended Oct. 31, 2022. Market value as of March 31, 2023.",6.848e+09,1.254e+09,1.0532e+10,4.0907e+10
"521",521,"Yum Brands","YUM","Hotels, Restaurants & Leisure","Food Services","yes","false","false","no",-31,"no","yes","n/a","no","no",25650,36997,3.9,-15.9,"David W. Gibbs","U.S.","Louisville","KY","www.yum.com","Public","Market value as of March 31, 2023.",6.842e+09,1.325e+09,5.846e+09,3.6997e+10
"522",522,"Microchip Technology","MCHP","Technology","Semiconductors and Other Electronic Components","yes","false","false","yes",49,"yes","no","n/a","no","no",21000,45894,25.4,267.9,"Ganesh Moorthy","U.S.","Chandler","AZ","www.microchip.com","Public","Figures are for fiscal year ended March 31, 2022. Market value as of March 31, 2023.",6.821e+09,1.286e+09,1.62e+10,4.5894e+10
"523",523,"Brunswick","BC","Transportation","Transportation Equipment","yes","false","false","yes",10,"yes","no","n/a","no","no",19100,5845,16.5,14.1,"David M. Foulkes","U.S.","Mettawa","IL","www.brunswick.com","Public","Market value as of March 31, 2023.",6.812e+09,6.77e+08,6.321e+09,5.845e+09
"524",524,"Chemours","CC","Chemicals","Chemicals","yes","false","false","yes",-22,"no","yes","n/a","no","no",6600,4455,7.1,-4.9,"Mark E. Newman","U.S.","Wilmington","DE","www.chemours.com","Public","Market value as of March 31, 2023.",6.794e+09,5.78e+08,7.64e+09,4.455e+09
"525",525,"First Republic Bank","FRC","Financials","Commercial Banks","yes","false","false","yes",50,"yes","no","n/a","no","no",7213,2605,27.3,12.7,"Michael J. Roffler","U.S.","San Francisco","CA","www.firstrepublic.com","Public","Seized by the Federal Deposit Insurance Corporation (FDIC) and sold to JPMorgan Chase, May 1, 2023. Market value as of March 31, 2023.",6.753e+09,1.665e+09,2.12639e+11,2.605e+09
"526",526,"RPM International","RPM","Chemicals","Chemicals","yes","false","false","yes",-8,"no","yes","n/a","no","no",16751,11262,9.8,-2.2,"Frank C. Sullivan","U.S.","Medina","OH","www.rpminc.com","Public","Figures are for fiscal year ended May 31, 2022. Market value as of March 31, 2023.",6.708e+09,4.92e+08,6.708e+09,1.1262e+10
"527",527,"Tapestry","TPR","Apparel","Apparel","yes","false","true","yes",14,"yes","no","n/a","no","no",15350,10177,16.3,2.6,"Joanne C. Crevoiserat","U.S.","New York","NY","www.tapestry.com","Public","Figures are for fiscal year ended June 30, 2022. Market value as of March 31, 2023.",6.685e+09,8.56e+08,7.265e+09,1.0177e+10
"528",528,"Core & Main","CNM","Wholesalers","Wholesalers: Diversified","yes","false","false","yes",78,"yes","no","n/a","no","no",4500,5684,32.9,120.5,"Stephen O. LeClair","U.S.","St. Louis","MO","www.coreandmain.com","Public","Figures are for fiscal year ended Jan. 31, 2023. Market value as of March 31, 2023.",6.651e+09,3.66e+08,4.909e+09,5.684e+09
"529",529,"Schneider National","SNDR","Transportation","Transportation and Logistics","yes","false","false","no",26,"yes","no","n/a","no","no",17050,4762,17.8,12.9,"Mark B. Rourke","U.S.","Green Bay","WI","www.schneider.com","Public","Market value as of March 31, 2023.",6.604e+09,4.58e+08,4.318e+09,4.762e+09
"530",530,"Carlisle","CSL","Materials","Building Materials, Glass","yes","false","false","yes",74,"yes","no","n/a","no","no",12300,11548,31.1,119.1,"D. Christian Koch","U.S.","Scottsdale","AZ","www.carlisle.com","Public","Market value as of March 31, 2023.",6.592e+09,9.24e+08,7.222e+09,1.1548e+10
"531",531,"DoorDash","DASH","Technology","Internet Services and Retailing","no","true","false","yes",90,"yes","no","n/a","no","no",16800,24920,34.7,NA,"Tony Xu","U.S.","San Francisco","CA","ir.doordash.com","Public","Market value as of March 31, 2023.",6.583e+09,1.365e+09,9.789e+09,2.492e+10
"532",532,"KBR","KBR","Technology","Information Technology Services","yes","false","false","yes",-72,"no","yes","n/a","no","no",30000,7518,-10.6,955.6,"Stuart J.B. Bradie","U.S.","Houston","TX","www.kbr.com","Public","Market value as of March 31, 2023.",6.564e+09,1.9e+08,5.566e+09,7.518e+09
"533",533,"APi Group","APG","Engineering & Construction","Engineering & Construction","yes","false","false","yes",168,"yes","no","n/a","no","no",26000,5272,66.4,55.3,"Russell A. Becker","U.S.","New Brighton","MN","www.apigroupcorp.com","Public","Market value as of March 31, 2023.",6.558e+09,7.3e+07,8.091e+09,5.272e+09
"534",534,"Cincinnati Financial","CINF","Financials","Insurance: Property and Casualty (Stock)","no","false","false","no",-167,"no","yes","n/a","no","no",5148,17616,-31.9,-116.5,"Steven J. Johnston","U.S.","Fairfield","OH","www.cinfin.com","Public","Market value as of March 31, 2023.",6.557e+09,4.86e+08,2.9736e+10,1.7616e+10
"535",535,"Darling Ingredients","DAR","Food, Beverages & Tobacco","Food Production","yes","false","false","yes",96,"yes","no","n/a","no","no",14600,9339,37.8,13.3,"Randall C. Stuewe","U.S.","Irving","TX","www.darlingii.com","Public","Market value as of March 31, 2023.",6.532e+09,7.38e+08,9.202e+09,9.339e+09
"536",536,"Patterson","PDCO","Health Care","Wholesalers: Health Care","yes","false","false","no",-7,"no","yes","n/a","no","no",7700,2616,9.9,30.3,"Donald J. Zurbay","U.S.","St. Paul","MN","www.pattersoncompanies.com","Public","Figures are for fiscal year ended April 30, 2022. Market value as of March 31, 2023.",6.499e+09,2.03e+08,2.742e+09,2.616e+09
"537",537,"T. Rowe Price","TROW","Financials","Securities","yes","false","false","yes",-94,"no","yes","n/a","no","no",7868,25348,-15.4,-49.5,"Robert W. Sharps","U.S.","Baltimore","MD","www.troweprice.com","Public","Market value as of March 31, 2023.",6.488e+09,1.558e+09,1.1643e+10,2.5348e+10
"538",538,"Cornerstone Building Brands","","Materials","Building Materials, Glass","yes","false","true","no",21,"yes","no","n/a","no","no",19500,NA,16.1,-36.9,"Rose Lee","U.S.","Cary","NC","www.cornerstonebuildingbrands.com","Private","Went private, July 25, 2022.",6.48e+09,4.2e+08,7.194e+09,NA
"539",539,"Martin Marietta Materials","MLM","Materials","Building Materials, Glass","yes","false","false","no",29,"yes","no","n/a","no","no",9400,22051,17.8,23.4,"C. Howard Nye","U.S.","Raleigh","NC","www.martinmarietta.com","Public","Includes revenues from discontinued operations. Market value as of March 31, 2023.",6.469e+09,8.67e+08,1.4994e+10,2.2051e+10
"540",540,"Silgan Holdings","SLGN","Materials","Packaging, Containers","yes","false","false","no",8,"yes","no","n/a","no","no",15425,5908,12.9,-5.1,"Adam J. Greenlee","U.S.","Stamford","CT","www.silganholdings.com","Public","Market value as of March 31, 2023.",6.412e+09,3.41e+08,7.346e+09,5.908e+09
"541",541,"Sprouts Farmers Market","SFM","Food & Drug Stores","Food and Drug Stores","yes","false","false","no",-21,"no","yes","n/a","no","no",31000,3611,5,7,"Jack L. Sinclair","U.S.","Phoenix","AZ","www.sprouts.com","Public","Market value as of March 31, 2023.",6.404e+09,2.61e+08,3.07e+09,3.611e+09
"542",542,"PENN Entertainment","PENN","Hotels, Restaurants & Leisure","Hotels, Casinos, Resorts","yes","false","false","no",-12,"no","yes","n/a","no","no",21875,4526,8.4,-47.2,"Jay A. Snowden","U.S.","Wyomissing","PA","www.pennentertainment.com","Public","Changed name from Penn National Gaming, Aug. 4, 2022. Market value as of March 31, 2023.",6.402e+09,2.22e+08,1.7502e+10,4.526e+09
"543",543,"ADT","ADT","Business Services","Diversified Outsourcing Services","yes","false","false","no",31,"yes","no","n/a","no","no",22000,6630,20.5,NA,"James D. DeVries","U.S.","Boca Raton","FL","www.adt.com","Public","Market value as of March 31, 2023.",6.395e+09,1.73e+08,1.7873e+10,6.63e+09
"544",544,"Academy Sports and Outdoors","ASO","Retailing","Specialty Retailers: Other","yes","false","false","no",-63,"no","yes","n/a","no","no",16508,5021,-5.6,-6.5,"Steven P. Lawrence","U.S.","Katy","TX","www.academy.com","Public","Figures are for fiscal year ended Jan. 31, 2023. Market value as of March 31, 2023.",6.395e+09,6.28e+08,4.595e+09,5.021e+09
"545",545,"Post Holdings","POST","Food, Beverages & Tobacco","Food Consumer Products","yes","false","false","no",-34,"no","yes","n/a","no","no",10420,5295,2.7,353.9,"Robert V. Vitale","U.S.","St. Louis","MO","www.postholdings.com","Public","Includes revenues from discontinued operations. Figures are for fiscal year ended Sept. 30, 2022. Market value as of March 31, 2023.",6.393e+09,7.57e+08,1.1308e+10,5.295e+09
"546",546,"Resideo Technologies","REZI","Materials","Building Materials, Glass","yes","false","false","yes",-12,"no","yes","n/a","no","no",15200,2680,9,16.9,"Jay L. Geldmacher","U.S.","Scottsdale","AZ","www.resideo.com","Public","Market value as of March 31, 2023.",6.37e+09,2.83e+08,6.387e+09,2.68e+09
"547",547,"Bright Health Group","BHG","Health Care","Health Care: Insurance and Managed Care","no","false","false","no",141,"yes","no","n/a","no","no",2840,140,58.1,NA,"G. Mike Mikan","U.S.","Minneapolis","MN","www.brighthealthgroup.com","Public","Includes revenues from discontinued operations. Market value as of March 31, 2023.",6.37e+09,1.456e+09,4.665e+09,1.4e+08
"548",548,"McCormick","MKC","Food, Beverages & Tobacco","Food Consumer Products","yes","false","false","yes",-43,"no","yes","n/a","no","no",14200,22320,0.5,-9.7,"Brendan M. Foley","U.S.","Hunt Valley","MD","www.mccormickcorporation.com","Public","Figures are for fiscal year ended Nov. 30, 2022. Market value as of March 31, 2023.",6.351e+09,6.82e+08,1.3125e+10,2.232e+10
"549",549,"Greif","GEF","Materials","Packaging, Containers","yes","false","false","no",12,"yes","no","n/a","no","no",12000,3292,14.3,-3.6,"Ole G. Rosgaard","U.S.","Delaware","OH","www.greif.com","Public","Figures are for fiscal year ended Oct. 31, 2022. Market value as of March 31, 2023.",6.35e+09,3.77e+08,5.47e+09,3.292e+09
"550",550,"Victoria's Secret","VSCO","Retailing","Specialty Retailers: Apparel","yes","false","false","no",-70,"no","yes","n/a","no","no",22500,2655,-6.5,-46.1,"Martin P. Waters","U.S.","Reynoldsburg","OH","www.victoriassecretandco.com","Public","Figures are for fiscal year ended Jan. 31, 2023. Market value as of March 31, 2023.",6.344e+09,3.48e+08,4.711e+09,2.655e+09
"551",551,"Hanesbrands","HBI","Apparel","Apparel","no","false","false","no",-93,"no","yes","n/a","no","no",50500,1838,-13.8,-264.7,"Stephen B. Bratspies","U.S.","Winston-Salem","NC","www.hanes.com","Public","Includes revenues from discontinued operations. Market value as of March 31, 2023.",6.335e+09,1.27e+08,6.504e+09,1.838e+09
"552",552,"Select Medical Holdings","SEM","Health Care","Health Care: Medical Facilities","yes","false","false","yes",-39,"no","yes","n/a","no","no",45800,3288,2.1,-60.5,"David S. Chernow","U.S.","Mechanicsburg","PA","www.selectmedicalholdings.com","Public","Market value as of March 31, 2023.",6.334e+09,1.59e+08,7.665e+09,3.288e+09
"553",553,"Concentrix","CNXC","Technology","Information Technology Services","yes","false","false","yes",4,"yes","no","n/a","no","no",315000,6223,13.2,7.3,"Christopher A. Caldwell","U.S.","Newark","CA","www.concentrix.com","Public","Figures are for fiscal year ended Nov. 30, 2022. Market value as of March 31, 2023.",6.325e+09,4.35e+08,6.67e+09,6.223e+09
"554",554,"Ryerson Holding","RYI","Materials","Metals","yes","false","false","yes",-5,"no","yes","n/a","no","no",4200,1291,11.4,32.9,"Edward J. Lehner","U.S.","Chicago","IL","www.ryerson.com","Public","Market value as of March 31, 2023.",6.324e+09,3.91e+08,2.334e+09,1.291e+09
"555",555,"NetApp","NTAP","Technology","Computers, Office Equipment","yes","false","false","yes",-13,"no","yes","n/a","no","no",12000,13658,10,28.4,"George Kurian","U.S.","San Jose","CA","www.netapp.com","Public","Figures are for fiscal year ended April 30, 2022. Market value as of March 31, 2023.",6.318e+09,9.37e+08,1.0026e+10,1.3658e+10
"556",556,"Monster Beverage","MNST","Food, Beverages & Tobacco","Beverages","yes","false","false","yes",8,"yes","no","n/a","no","no",4952,56431,13.9,-13.5,"Rodney C. Sacks/Hilton H. Schlosberg","U.S.","Corona","CA","www.monsterbevcorp.com","Public","Market value as of March 31, 2023.",6.311e+09,1.192e+09,8.293e+09,5.6431e+10
"557",557,"Meritage Homes","MTH","Engineering & Construction","Homebuilders","yes","false","false","yes",31,"yes","no","n/a","no","no",1921,4293,22.4,34.5,"Phillippe Lord","U.S.","Scottsdale","AZ","www.meritagehomes.com","Public","Market value as of March 31, 2023.",6.292e+09,9.92e+08,5.772e+09,4.293e+09
"558",558,"Old Dominion Freight Line","ODFL","Transportation","Trucking, Truck Leasing","yes","false","false","no",20,"yes","no","n/a","no","no",23471,37501,19.1,33.1,"Kevin M. Freeman","U.S.","Thomasville","NC","www.odfl.com","Public","Market value as of March 31, 2023.",6.26e+09,1.377e+09,4.839e+09,3.7501e+10
"559",559,"Nasdaq","NDAQ","Financials","Securities","yes","false","true","yes",-27,"no","yes","n/a","no","no",6377,26734,5.8,-5.2,"Adena T. Friedman","U.S.","New York","NY","www.nasdaq.com","Public","Market value as of March 31, 2023.",6.226e+09,1.125e+09,2.0868e+10,2.6734e+10
"560",560,"Intuitive Surgical","ISRG","Health Care","Medical Products and Equipment","yes","false","false","yes",-15,"no","yes","n/a","no","no",12120,89480,9,-22.4,"Gary S. Guthart","U.S.","Sunnyvale","CA","www.intuitive.com","Public","Market value as of March 31, 2023.",6.222e+09,1.322e+09,1.2974e+10,8.948e+10
"561",561,"Ralph Lauren","RL","Apparel","Apparel","yes","false","false","yes",97,"yes","no","n/a","no","no",17850,7698,41.3,NA,"Patrice Louvet","U.S.","New York","NY","www.ralphlauren.com","Public","Figures are for fiscal year ended March 31, 2022. Market value as of March 31, 2023.",6.219e+09,6e+08,7.725e+09,7.698e+09
"562",562,"Workday","WDAY","Technology","Computer Software","no","true","false","yes",27,"yes","no","n/a","no","no",17700,53494,21,-1348.6,"Aneel Bhusri/Carl M. Eschenbach","U.S.","Pleasanton","CA","www.workday.com","Public","Figures are for fiscal year ended Jan. 31, 2023. Market value as of March 31, 2023.",6.216e+09,3.67e+08,1.3486e+10,5.3494e+10
"563",563,"Zillow Group","ZG","Technology","Internet Services and Retailing","no","true","false","no",-139,"no","yes","n/a","no","no",5724,10375,-23.8,NA,"Richard N. Barton","U.S.","Seattle","WA","www.zillowgroup.com","Public","Includes revenues from discontinued operations. Market value as of March 31, 2023.",6.207e+09,1.01e+08,6.563e+09,1.0375e+10
"564",564,"CACI International","CACI","Technology","Information Technology Services","yes","false","false","no",-42,"no","yes","n/a","no","no",22000,6965,2.6,-19.8,"John S. Mengucci","U.S.","Reston","VA","www.caci.com","Public","Figures are for fiscal year ended June 30, 2022. Market value as of March 31, 2023.",6.203e+09,3.67e+08,6.629e+09,6.965e+09
"565",565,"Coca-Cola Consolidated","COKE","Food, Beverages & Tobacco","Beverages","yes","false","false","yes",-5,"no","yes","n/a","no","no",16000,5016,11.5,126.9,"J. Frank Harrison III","U.S.","Charlotte","NC","www.cokeconsolidated.com","Public","Market value as of March 31, 2023.",6.201e+09,4.3e+08,3.71e+09,5.016e+09
"566",566,"Pool","POOL","Wholesalers","Wholesalers: Diversified","yes","false","false","yes",11,"yes","no","n/a","no","no",6100,13380,16.7,15,"Peter D. Arvan","U.S.","Covington","LA","www.poolcorp.com","Public","Market value as of March 31, 2023.",6.18e+09,7.49e+08,3.565e+09,1.338e+10
"567",567,"Securian Financial Group","","Financials","Insurance: Life, Health (stock)","no","false","false","no",-103,"no","yes","n/a","no","no",6500,NA,-15.6,-129.3,"Christopher M. Hilger","U.S.","St. Paul","MN","www.securian.com","Private","Market value as of March 31, 2021.",6.175e+09,9.1e+07,6.7855e+10,NA
"568",568,"Organon","OGN","Health Care","Pharmaceuticals","yes","false","false","",NA,"","","n/a","no","no",10000,5983,NA,NA,"Kevin Ali","U.S.","Jersey City","NJ","www.organon.com","Public","Spun off from Merck (2022 rank: 69), June 2, 2021. Market value as of March 31, 2023.",6.174e+09,9.17e+08,1.0955e+10,5.983e+09
"569",569,"Levi Strauss","LEVI","Apparel","Apparel","yes","false","false","yes",-29,"no","yes","n/a","no","no",18000,7226,7,2.8,"Charles V. Bergh","U.S.","San Francisco","CA","www.levistrauss.com","Public","Figures are for fiscal year ended Nov. 30, 2022. Market value as of March 31, 2023.",6.169e+09,5.69e+08,6.038e+09,7.226e+09
"570",570,"Ametek","AME","Technology","Scientific, Photographic and Control Equipment","yes","false","false","yes",-7,"no","yes","n/a","no","no",19600,33467,10.9,17.1,"David A. Zapico","U.S.","Berwyn","PA","www.ametek.com","Public","Market value as of March 31, 2023.",6.151e+09,1.16e+09,1.2431e+10,3.3467e+10
"571",571,"Petco Health and Wellness","WOOF","Retailing","Specialty Retailers: Other","yes","false","false","yes",-35,"no","yes","n/a","no","no",29000,2401,3.9,-44.8,"Ronald Coughlin Jr.","U.S.","San Diego","CA","www.petco.com","Public","Figures are for fiscal year ended Jan. 31, 2023. Market value as of March 31, 2023.",6.036e+09,9.1e+07,6.613e+09,2.401e+09
"572",572,"Compass","COMP","Technology","Internet Services and Retailing","no","true","false","no",-77,"no","yes","n/a","no","no",3191,1521,-6.3,NA,"Robert L. Reffkin","U.S.","New York","NY","www.compass.com","Public","Market value as of March 31, 2023.",6.018e+09,6.02e+08,1.533e+09,1.521e+09
"573",573,"Rocket Companies","RKT","Financials","Diversified Financials","yes","false","false","no",-291,"no","yes","n/a","no","yes",18500,17882,-54.4,-84.9,"Bill Emerson","U.S.","Detroit","MI","www.rocketcompanies.com","Public","Market value as of March 31, 2023.",6.005e+09,4.6e+07,2.0082e+10,1.7882e+10
"574",574,"Crestwood Equity Partners","CEQP","Energy","Pipelines","yes","true","false","yes",70,"yes","no","n/a","no","no",753,2627,31.3,NA,"Robert G Phillips","U.S.","Houston","TX","www.crestwoodlp.com","Public","A partnership. Market value as of March 31, 2023.",6.001e+09,3.1e+07,6.567e+09,2.627e+09
"575",575,"Prologis","PLD","Financials","Real estate","yes","true","false","yes",54,"yes","no","n/a","no","no",2466,115219,25.5,14.5,"Hamid R. Moghadam","U.S.","San Francisco","CA","www.prologis.com","Public","A real estate investment trust. Market value as of March 31, 2023.",5.974e+09,3.365e+09,8.7897e+10,1.15219e+11
"576",576,"Insperity","NSP","Business Services","Diversified Outsourcing Services","yes","true","false","yes",35,"yes","no","n/a","no","no",4100,4601,19.4,44.5,"Paul J. Sarvadi","U.S.","Kingwood","TX","www.insperity.com","Public","Market value as of March 31, 2023.",5.939e+09,1.79e+08,2.039e+09,4.601e+09
"577",577,"GameStop","GME","Retailing","Specialty Retailers: Other","no","false","false","no",-51,"no","yes","n/a","no","no",21250,7014,-1.4,NA,"Ryan Cohen","U.S.","Grapevine","TX","www.gamestop.com","Public","Figures are for fiscal year ended Jan. 31, 2023. Market value as of March 31, 2023.",5.927e+09,3.13e+08,3.113e+09,7.014e+09
"578",578,"Ingersoll Rand","IR","Industrials","Industrial Machinery","yes","false","false","yes",-28,"no","yes","n/a","no","no",17000,23560,4.7,7.5,"Vicente Reynal","U.S.","Davidson","NC","www.irco.com","Public","Includes revenues from discontinued operations. Market value as of March 31, 2023.",5.923e+09,6.05e+08,1.4766e+10,2.356e+10
"579",579,"Voya Financial","VOYA","Financials","Diversified Financials","yes","false","true","yes",91,"yes","no","n/a","no","no",6070,6953,40,-76,"Heather H. Lavallee","U.S.","New York","NY","www.voya.com","Public","Market value as of March 31, 2023.",5.922e+09,5.1e+08,1.47652e+11,6.953e+09
"580",580,"Marvell Technology","MRVL","Technology","Semiconductors and Other Electronic Components","no","false","false","yes",74,"yes","no","n/a","no","no",7433,37104,32.7,NA,"Matthew J. Murphy","U.S.","Wilmington","DE","www.marvell.com","Public","Figures are for fiscal year ended Jan. 31, 2023. Market value as of March 31, 2023.",5.92e+09,1.64e+08,2.2522e+10,3.7104e+10
"581",581,"Warner Music Group","WMG","Media","Entertainment","yes","false","false","yes",-5,"no","yes","n/a","no","no",6200,17217,11.7,81.3,"Robert Kyncl","U.S.","New York","NY","www.wmg.com","Public","Figures are for fiscal year ended Sept. 30, 2022. Market value as of March 31, 2023.",5.919e+09,5.51e+08,7.828e+09,1.7217e+10
"582",582,"Hyatt Hotels","H","Hotels, Restaurants & Leisure","Hotels, Casinos, Resorts","yes","false","false","yes",242,"yes","no","n/a","no","yes",50000,11878,94.6,NA,"Mark S. Hoplamazian","U.S.","Chicago","IL","www.hyatt.com","Public","Market value as of March 31, 2023.",5.891e+09,4.55e+08,1.2312e+10,1.1878e+10
"583",583,"Welltower","WELL","Financials","Real estate","yes","false","false","yes",47,"yes","no","n/a","no","no",514,35174,23.6,-58,"Shankh S. Mitra","U.S.","Toledo","OH","www.welltower.com","Public","A real estate investment trust. Market value as of March 31, 2023.",5.861e+09,1.41e+08,3.7893e+10,3.5174e+10
"584",584,"Evergy","EVRG","Energy","Utilities: Gas and Electric","yes","false","false","no",-26,"no","yes","n/a","no","no",4512,14032,4.9,-14.4,"David A. Campbell","U.S.","Kansas City","MO","investors.evergy.com","Public","Market value as of March 31, 2023.",5.859e+09,7.53e+08,2.949e+10,1.4032e+10
"585",585,"Hasbro","HAS","Household Products","Toys, Sporting Goods","yes","false","false","no",-89,"no","yes","n/a","no","no",6490,7421,-8.8,-52.5,"Christian P. Cocks","U.S.","Pawtucket","RI","www.hasbro.com","Public","Market value as of March 31, 2023.",5.857e+09,2.04e+08,9.296e+09,7.421e+09
"586",586,"NiSource","NI","Energy","Utilities: Gas and Electric","yes","false","false","no",33,"yes","no","n/a","no","no",7140,11534,19.4,37.5,"Lloyd M. Yates","U.S.","Merrillville","IN","www.nisource.com","Public","Market value as of March 31, 2023.",5.851e+09,8.04e+08,2.6737e+10,1.1534e+10
"587",587,"Fortive","FTV","Industrials","Industrial Machinery","yes","false","false","no",-8,"no","yes","n/a","no","no",18000,24078,10.9,24.1,"James A. Lico","U.S.","Everett","WA","www.fortive.com","Public","Market value as of March 31, 2023.",5.826e+09,7.55e+08,1.5891e+10,2.4078e+10
"588",588,"American Axle & Manufacturing","AXL","Motor Vehicles & Parts","Motor Vehicles & Parts","yes","false","false","yes",-1,"no","yes","n/a","no","no",19000,912,12.5,989.8,"David C. Dauch","U.S.","Detroit","MI","www.aam.com","Public","Market value as of March 31, 2023.",5.802e+09,6.4e+07,5.469e+09,9.12e+08
"589",589,"FMC","FMC","Chemicals","Chemicals","yes","false","false","yes",14,"yes","no","n/a","no","no",6600,15284,15,NA,"Mark A. Douglas","U.S.","Philadelphia","PA","www.fmc.com","Public","Market value as of March 31, 2023.",5.802e+09,7.37e+08,1.1171e+10,1.5284e+10
"590",590,"Frontier Communications","FYBR","Telecommunications","Telecommunications","yes","false","false","no",-91,"no","yes","n/a","no","no",14708,5580,-9.7,NA,"Nick Jeffery","U.S.","Norwalk","CT","www.frontier.com","Public","Net income and earnings per share percent changes are not available due to emergence from bankruptcy and fresh-start accounting, April 30, 2021. Market value as of March 31, 2023.",5.787e+09,4.41e+08,1.8624e+10,5.58e+09
"591",591,"Zebra Technologies","ZBRA","Industrials","Electronics, Electrical Equip.","yes","false","false","yes",-38,"no","yes","n/a","no","no",10500,16345,2.7,-44.7,"William J. Burns","U.S.","Lincolnshire","IL","www.zebra.com","Public","Market value as of March 31, 2023.",5.781e+09,4.63e+08,7.529e+09,1.6345e+10
"592",592,"Harley-Davidson","HOG","Transportation","Transportation Equipment","yes","false","false","yes",-20,"no","yes","n/a","no","no",6300,5551,7.8,14.1,"Jochen Zeitz","U.S.","Milwaukee","WI","www.harley-davidson.com","Public","Market value as of March 31, 2023.",5.755e+09,7.41e+08,1.1493e+10,5.551e+09
"593",593,"U-Haul Holding","UHAL","Transportation","Trucking, Truck Leasing","yes","false","false","yes",55,"yes","no","n/a","no","no",25234,10320,26.4,83.9,"Edward J. Shoen","U.S.","Reno","NV","www.uhaul.com","Public","Changed name from Amerco, Dec. 19, 2022. Figures are for fiscal year ended March 31, 2022. Market value as of March 31, 2023.",5.74e+09,1.123e+09,1.73e+10,1.032e+10
"594",594,"Under Armour","UAA","Apparel","Apparel","yes","false","true","no",-48,"no","yes","n/a","no","no",12300,3982,19.3,88.3,"Stephanie C. Linnartz","U.S.","Baltimore","MD","about.underarmour.com","Public","Changed fiscal year-end from Dec. 31. to March 31. Figures are for the twelve months ended March 31, 2022. Market value as of March 31, 2023.",5.727e+09,2.23e+08,4.453e+09,3.982e+09
"595",595,"MDC Holdings","MDC","Engineering & Construction","Homebuilders","yes","false","false","no",-15,"no","yes","n/a","no","no",1643,2841,8.8,-2,"David D. Mandarich","U.S.","Denver","CO","www.mdcholdings.com","Public","Market value as of March 31, 2023.",5.718e+09,5.62e+08,5.363e+09,2.841e+09
"596",596,"Broadridge Financial Solutions","BR","Business Services","Financial Data Services","yes","false","false","yes",12,"yes","no","n/a","no","no",14300,17250,14.3,-1.5,"Timothy C. Gokey","U.S.","Lake Success","NY","www.broadridge.com","Public","Figures are for fiscal year ended June 30, 2022. Market value as of March 31, 2023.",5.709e+09,5.39e+08,8.169e+09,1.725e+10
"597",597,"Vertiv Holdings","VRT","Industrials","Electronics, Electrical Equip.","yes","false","false","yes",10,"yes","no","n/a","no","no",27000,5404,13.9,-36,"Giordano Albertazzi","U.S.","Westerville","OH","www.vertiv.com","Public","Market value as of March 31, 2023.",5.692e+09,7.7e+07,7.096e+09,5.404e+09
"598",598,"Ingles Markets","IMKTA","Food & Drug Stores","Food and Drug Stores","yes","false","false","no",11,"yes","no","n/a","no","no",18460,1685,13.9,9.2,"James W. Lanning","U.S.","Black Mountain","NC","www.ingles-markets.com","Public","Figures are for fiscal year ended Sept. 30, 2022. Market value as of March 31, 2023.",5.679e+09,2.73e+08,2.296e+09,1.685e+09
"599",599,"Howmet Aerospace","HWM","Aerospace & Defense","Aerospace & Defense","yes","false","false","yes",13,"yes","no","n/a","no","no",21400,17448,13.9,81.8,"John C. Plant","U.S.","Pittsburgh","PA","www.howmet.com","Public","Market value as of March 31, 2023.",5.663e+09,4.69e+08,1.0255e+10,1.7448e+10
"600",600,"Sealed Air","SEE","Materials","Packaging, Containers","yes","false","false","no",-35,"no","yes","n/a","no","no",16300,6609,2,-3,"Edward L. Doheny II","U.S.","Charlotte","NC","www.sealedair.com","Public","Market value as of March 31, 2023.",5.642e+09,4.92e+08,6.215e+09,6.609e+09
"601",601,"Kemper","KMPR","Financials","Insurance: Property and Casualty (Stock)","no","false","false","no",-64,"no","yes","n/a","no","no",9500,3496,-3.7,NA,"Joseph P. Lacher Jr.","U.S.","Chicago","IL","www.kemper.com","Public","Market value as of March 31, 2023.",5.577e+09,3.01e+08,1.3364e+10,3.496e+09
"602",602,"First Citizens BancShares","FCNCA","Financials","Commercial Banks","yes","false","false","yes",NA,"","","n/a","no","no",10530,14032,183.3,100.6,"Frank B. Holding Jr.","U.S.","Raleigh","NC","www.firstcitizens.com","Public","Market value as of March 31, 2023.",5.549e+09,1.098e+09,1.09298e+11,1.4032e+10
"603",603,"Xylem","XYL","Industrials","Industrial Machinery","yes","false","false","yes",-18,"no","yes","n/a","no","no",17800,18875,6.3,-16.9,"Patrick K. Decker","U.S.","Washington","DC","www.xylem.com","Public","Market value as of March 31, 2023.",5.522e+09,3.55e+08,7.952e+09,1.8875e+10
"604",604,"Palo Alto Networks","PANW","Technology","Network and Other Communications Equipment","no","false","false","yes",62,"yes","no","n/a","no","no",12561,60443,29.3,NA,"Nikesh Arora","U.S.","Santa Clara","CA","www.paloaltonetworks.com","Public","Figures are for fiscal year ended July 31, 2022. Market value as of March 31, 2023.",5.502e+09,2.67e+08,1.2254e+10,6.0443e+10
"605",605,"Skyworks Solutions","SWKS","Technology","Semiconductors and Other Electronic Components","yes","false","false","yes",-10,"no","yes","n/a","no","no",11150,18777,7.4,-14.9,"Liam K. Griffin","U.S.","Irvine","CA","www.skyworksinc.com","Public","Figures are for fiscal year ended Sept. 30, 2022. Market value as of March 31, 2023.",5.486e+09,1.275e+09,8.874e+09,1.8777e+10
"606",606,"Gartner","IT","Technology","Information Technology Services","yes","false","false","yes",27,"yes","no","n/a","no","no",19500,25756,15.7,1.8,"Eugene A. Hall","U.S.","Stamford","CT","www.gartner.com","Public","Market value as of March 31, 2023.",5.476e+09,8.08e+08,7.3e+09,2.5756e+10
"607",607,"Roper Technologies","ROP","Technology","Computer Software","yes","false","false","no",-110,"no","yes","n/a","no","no",15800,46820,-14.7,294.3,"L. Neil Hunn","U.S.","Sarasota","FL","www.ropertech.com","Public","Includes revenues from discontinued operations. Market value as of March 31, 2023.",5.472e+09,4.545e+09,2.6981e+10,4.682e+10
"608",608,"Hanover Insurance Group","THG","Financials","Insurance: Property and Casualty (Stock)","yes","false","false","yes",-25,"no","yes","n/a","no","no",4600,4590,4.6,-72.3,"John C. Roche","U.S.","Worcester","MA","www.hanover.com","Public","Market value as of March 31, 2023.",5.469e+09,1.16e+08,1.3997e+10,4.59e+09
"609",609,"Big Lots","BIG","Retailing","Specialty Retailers: Other","no","false","false","no",-94,"no","yes","n/a","no","no",21200,318,-11.1,-218.5,"Bruce K. Thorn","U.S.","Columbus","OH","www.biglots.com","Public","Figures are for fiscal year ended Jan. 31, 2023. Market value as of March 31, 2023.",5.468e+09,2.11e+08,3.691e+09,3.18e+08
"610",610,"Moody's","MCO","Business Services","Financial Data Services","yes","false","false","yes",-98,"no","yes","n/a","no","no",14426,56084,-12.1,-37.9,"Robert S. Fauber","U.S.","New York","NY","www.moodys.com","Public","Market value as of March 31, 2023.",5.468e+09,1.374e+09,1.4349e+10,5.6084e+10
"611",611,"Teledyne Technologies","TDY","Aerospace & Defense","Aerospace & Defense","yes","false","false","yes",29,"yes","no","n/a","no","no",14700,21027,18.3,77.1,"Robert Mehrabian","U.S.","Thousand Oaks","CA","www.teledyne.com","Public","Market value as of March 31, 2023.",5.459e+09,7.89e+08,1.4354e+10,2.1027e+10
"612",612,"Mattel","MAT","Household Products","Toys, Sporting Goods","yes","false","false","no",-42,"no","yes","n/a","no","no",33900,6516,-0.4,-56.4,"Ynon Kreiz","U.S.","El Segundo","CA","www.mattel.com","Public","Market value as of March 31, 2023.",5.435e+09,3.94e+08,6.178e+09,6.516e+09
"613",613,"TransDigm Group","TDG","Aerospace & Defense","Aerospace & Defense","yes","false","false","yes",11,"yes","no","n/a","no","no",14400,40242,13.2,27.4,"Kevin M. Stein","U.S.","Cleveland","OH","www.transdigm.com","Public","Figures are for fiscal year ended Sept. 30, 2022. Market value as of March 31, 2023.",5.429e+09,8.66e+08,1.8107e+10,4.0242e+10
"614",614,"Keysight Technologies","KEYS","Technology","Scientific, Photographic and Control Equipment","yes","false","false","yes",NA,"","","n/a","no","no",15000,28766,9.7,25.7,"Satish Dhanasekaran","U.S.","Santa Rosa","CA","www.keysight.com","Public","Figures are for fiscal year ended Oct. 31, 2022. Market value as of March 31, 2023.",5.42e+09,1.124e+09,8.098e+09,2.8766e+10
"615",615,"Telephone & Data Systems","TDS","Telecommunications","Telecommunications","yes","false","false","yes",-42,"no","yes","n/a","no","no",9300,1182,1.6,-60.3,"LeRoy T. Carlson Jr.","U.S.","Chicago","IL","www.tdsinc.com","Public","Market value as of March 31, 2023.",5.413e+09,6.2e+07,1.455e+10,1.182e+09
"616",616,"Syneos Health","SYNH","Health Care","Health Care: Pharmacy and Other Services","yes","false","true","yes",-32,"no","yes","n/a","no","no",29290,3678,3.5,13.5,"Michelle Keefe","U.S.","Morrisville","NC","www.syneoshealth.com","Public","Market value as of March 31, 2023.",5.393e+09,2.67e+08,8.199e+09,3.678e+09
"617",617,"Edwards Lifesciences","EW","Health Care","Medical Products and Equipment","yes","false","false","yes",-35,"no","yes","n/a","no","no",17300,50143,2.9,1.3,"Bernard J. Zovighian","U.S.","Irvine","CA","www.edwards.com","Public","Market value as of March 31, 2023.",5.382e+09,1.522e+09,8.293e+09,5.0143e+10
"618",618,"Church & Dwight","CHD","Household Products","Household and Personal Products","yes","false","false","yes",-32,"no","yes","n/a","no","no",5250,21577,3.6,-50,"Matthew T. Farrell","U.S.","Ewing","NJ","www.churchdwight.com","Public","Market value as of March 31, 2023.",5.376e+09,4.14e+08,8.346e+09,2.1577e+10
"619",619,"R.R. Donnelley & Sons","RRD","Media","Publishing, Printing","yes","false","false","no",-6,"no","yes","n/a","no","no",32000,NA,8.1,4108.1,"Thomas J. Quinlan III","U.S.","Chicago","IL","www.rrd.com","Private","Went private, Feb. 28, 2023.",5.367e+09,1.56e+08,3.163e+09,NA
"620",620,"Hub Group","HUBG","Transportation","Transportation and Logistics","yes","false","false","yes",49,"yes","no","n/a","no","no",5900,2802,26.2,108.2,"Phillip D. Yeager","U.S.","Oak Brook","IL","www.hubgroup.com","Public","Market value as of March 31, 2023.",5.341e+09,3.57e+08,2.81e+09,2.802e+09
"621",621,"ArcBest","ARCB","Transportation","Trucking, Truck Leasing","yes","false","true","yes",75,"yes","no","n/a","no","no",15700,2242,33.8,39.7,"Judy R. McReynolds","U.S.","Fort Smith","AR","www.arcb.com","Public","Market value as of March 31, 2023.",5.324e+09,2.98e+08,2.494e+09,2.242e+09
"622",622,"Coty","COTY","Household Products","Household and Personal Products","yes","false","true","no",-68,"no","yes","n/a","no","no",11012,10282,-5.6,NA,"Sue Y. Nabi","U.S.","New York","NY","www.coty.com","Public","Figures are for fiscal year ended June 30, 2022. Market value as of March 31, 2023.",5.304e+09,2.6e+08,1.2116e+10,1.0282e+10
"623",623,"Juniper Networks","JNPR","Technology","Network and Other Communications Equipment","yes","false","false","yes",9,"yes","no","n/a","no","no",10901,11061,11.9,86.4,"Rami Rahim","U.S.","Sunnyvale","CA","www.juniper.net","Public","Market value as of March 31, 2023.",5.301e+09,4.71e+08,9.327e+09,1.1061e+10
"624",624,"Simon Property Group","SPG","Financials","Real estate","yes","false","false","yes",-31,"no","yes","n/a","no","no",2900,36585,3.4,-4.9,"David E. Simon","U.S.","Indianapolis","IN","www.simon.com","Public","A real estate investment trust. Market value as of March 31, 2023.",5.291e+09,2.14e+09,3.3011e+10,3.6585e+10
"625",625,"SS&C Technologies Holdings","SSNC","Technology","Computer Software","yes","true","false","yes",-24,"no","yes","n/a","no","no",27600,14158,4.6,-18.7,"William C. Stone","U.S.","Windsor","CT","www.ssctech.com","Public","Market value as of March 31, 2023.",5.283e+09,6.5e+08,1.6653e+10,1.4158e+10
"626",626,"Endeavor Group Holdings","EDR","Media","Entertainment","yes","false","false","yes",-30,"no","yes","n/a","no","no",11000,11329,3.8,NA,"Ariel Emanuel","U.S.","Beverly Hills","CA","www.endeavorco.com","Public","Market value as of March 31, 2023.",5.268e+09,1.29e+08,1.2504e+10,1.1329e+10
"627",627,"Yellow","YELL","Transportation","Trucking, Truck Leasing","yes","false","false","no",-36,"no","yes","n/a","no","no",30000,105,2.4,NA,"Darren D. Hawkins","U.S.","Nashville","TN","www.myyellow.com","Public","Market value as of March 31, 2023.",5.245e+09,2.2e+07,2.279e+09,1.05e+08
"628",628,"AMN Healthcare Services","AMN","Health Care","Health Care: Pharmacy and Other Services","yes","false","true","yes",66,"yes","no","n/a","no","no",4230,3407,31.6,35.6,"Caroline S. Grace","U.S.","Dallas","TX","www.amnhealthcare.com","Public","Market value as of March 31, 2023.",5.243e+09,4.44e+08,2.888e+09,3.407e+09
"629",629,"Worthington Industries","WOR","Materials","Metals","yes","false","false","no",177,"yes","no","n/a","no","no",8400,3214,65.3,-47.6,"B. Andrew Rose","U.S.","Columbus","OH","www.worthingtonindustries.com","Public","Figures are for fiscal year ended May 31, 2022. Market value as of March 31, 2023.",5.242e+09,3.79e+08,3.643e+09,3.214e+09
"630",630,"IAC","IAC","Technology","Internet Services and Retailing","no","false","false","no",79,"yes","no","n/a","no","no",11000,4586,36.2,-295.8,"Joseph M. Levin","U.S.","New York","NY","www.iac.com","Public","Changed name from IAC/InterActiveCorp, Aug. 11, 2022. Market value as of March 31, 2023.",5.235e+09,1.17e+09,1.0394e+10,4.586e+09
"631",631,"Regal Rexnord","RRX","Industrials","Electronics, Electrical Equip.","yes","false","false","no",82,"yes","no","n/a","no","no",26000,9324,36.9,132.9,"Louis V. Pinkham","U.S.","Beloit","WI","www.regalrexnord.com","Public","Market value as of March 31, 2023.",5.218e+09,4.89e+08,1.0269e+10,9.324e+09
"632",632,"Globe Life","GL","Financials","Insurance: Life, Health (stock)","yes","false","false","yes",-38,"no","yes","n/a","no","no",3543,10619,2,-0.7,"Frank W. Svoboda/J. Matthew Darden","U.S.","McKinney","TX","www.globelifeinsurance.com","Public","Market value as of March 31, 2023.",5.215e+09,7.4e+08,2.5537e+10,1.0619e+10
"633",633,"Nexstar Media Group","NXST","Media","Entertainment","yes","true","false","yes",4,"yes","no","n/a","no","no",12319,6349,12.1,16.4,"Perry A. Sook","U.S.","Irving","TX","www.nexstar.tv","Public","Market value as of March 31, 2023.",5.211e+09,9.71e+08,1.2679e+10,6.349e+09
"634",634,"LCI Industries","LCII","Motor Vehicles & Parts","Motor Vehicles & Parts","yes","false","false","no",19,"yes","no","n/a","no","no",12900,2767,16.4,37.3,"Jason D. Lippert","U.S.","Elkhart","IN","www.lci1.com","Public","Market value as of March 31, 2023.",5.207e+09,3.95e+08,3.247e+09,2.767e+09
"635",635,"CUNA Mutual Group","","Financials","Insurance: Life, Health (stock)","yes","false","false","no",-33,"no","yes","n/a","no","no",4100,NA,3,-44.8,"Robert N. Trunzo","U.S.","Madison","WI","www.cunamutual.com","Private","A mutual company, not a stock company. It is grouped with stock companies because it reports according to Generally Accepted Accounting Principles.",5.202e+09,3.43e+08,4.134e+10,NA
"636",636,"Super Micro Computer","SMCI","Technology","Computers, Office Equipment","yes","true","false","yes",107,"yes","no","n/a","no","no",4607,5715,46.1,154.9,"Charles Liang","U.S.","San Jose","CA","www.supermicro.com","Public","Figures are for fiscal year ended June 30, 2022. Market value as of March 31, 2023.",5.196e+09,2.85e+08,3.205e+09,5.715e+09
"637",637,"Clean Harbors","CLH","Business Services","Waste Management","yes","false","false","yes",78,"yes","no","n/a","no","no",20018,7709,35.8,102.6,"Eric W. Gerstenberg/Michael L. Battles","U.S.","Norwell","MA","www.cleanharbors.com","Public","Market value as of March 31, 2023.",5.167e+09,4.12e+08,6.13e+09,7.709e+09
"638",638,"Leggett & Platt","LEG","Household Products","Home Equipment, Furnishings","yes","false","false","no",-40,"no","yes","n/a","no","no",19900,4242,1.5,-23,"J. Mitchell Dolloff","U.S.","Carthage","MO","www.leggett.com","Public","Market value as of March 31, 2023.",5.147e+09,3.1e+08,5.186e+09,4.242e+09
"639",639,"JELD-WEN Holding","JELD","Materials","Building Materials, Glass","yes","false","false","no",-13,"no","yes","n/a","no","no",23400,1077,7.5,-72.9,"William J. Christensen","U.S.","Charlotte","NC","www.jeld-wen.com","Public","Market value as of March 31, 2023.",5.129e+09,4.6e+07,3.501e+09,1.077e+09
"640",640,"Equifax","EFX","Business Services","Financial Data Services","yes","false","false","yes",-23,"no","yes","n/a","no","no",14000,24995,4,-6.4,"Mark W. Begor","U.S.","Atlanta","GA","www.equifax.com","Public","Market value as of March 31, 2023.",5.122e+09,6.96e+08,1.1548e+10,2.4995e+10
"641",641,"Iron Mountain","IRM","Business Services","Diversified Outsourcing Services","yes","false","false","yes",11,"yes","no","n/a","no","no",26000,15427,13.6,23.7,"William L. Meaney","U.S.","Portsmouth","NH","www.ironmountain.com","Public","A real estate investment trust. Market value as of March 31, 2023.",5.104e+09,5.57e+08,1.6141e+10,1.5427e+10
"642",642,"Synopsys","SNPS","Technology","Computer Software","yes","true","false","yes",32,"yes","no","n/a","no","no",19000,58827,20.9,30,"Aart J. de Geus","U.S.","Mountain View","CA","www.synopsys.com","Public","Figures are for fiscal year ended Oct. 31, 2022. Market value as of March 31, 2023.",5.082e+09,9.85e+08,9.418e+09,5.8827e+10
"643",643,"Spirit Airlines","SAVE","Transportation","Airlines","no","false","false","yes",152,"yes","no","n/a","no","no",12025,1874,56.9,NA,"Edward M. Christie III","U.S.","Miramar","FL","www.spirit.com","Public","Market value as of March 31, 2023.",5.068e+09,5.54e+08,9.185e+09,1.874e+09
"644",644,"OneMain Holdings","OMF","Financials","Diversified Financials","yes","false","false","yes",-24,"no","yes","n/a","no","no",9200,4480,3.5,-33.2,"Douglas H. Shulman","U.S.","Evansville","IN","www.omf.com","Public","Market value as of March 31, 2023.",5.064e+09,8.78e+08,2.2533e+10,4.48e+09
"645",645,"Spirit AeroSystems Holdings","SPR","Aerospace & Defense","Aerospace & Defense","no","false","false","yes",53,"yes","no","n/a","no","no",18235,3628,27.2,NA,"Thomas C. Gentile III","U.S.","Wichita","KS","www.spiritaero.com","Public","Market value as of March 31, 2023.",5.03e+09,5.46e+08,6.666e+09,3.628e+09
"646",646,"CME Group","CME","Financials","Securities","yes","false","false","no",-10,"no","yes","n/a","no","no",3460,68898,7,2.1,"Terrence A. Duffy","U.S.","Chicago","IL","www.cmegroup.com","Public","Market value as of March 31, 2023.",5.019e+09,2.691e+09,1.74176e+11,6.8898e+10
"647",647,"TopBuild","BLD","Engineering & Construction","Engineering & Construction","yes","false","false","yes",108,"yes","no","n/a","no","no",13119,6609,43.7,71.6,"Robert M. Buck","U.S.","Daytona Beach","FL","www.topbuild.com","Public","Market value as of March 31, 2023.",5.009e+09,5.56e+08,4.607e+09,6.609e+09
"648",648,"Autodesk","ADSK","Technology","Computer Software","yes","false","false","yes",13,"yes","no","n/a","no","no",13700,44709,14.1,65.6,"Andrew Anagnost","U.S.","San Francisco","CA","www.autodesk.com","Public","Figures are for fiscal year ended Jan. 31, 2023. Market value as of March 31, 2023.",5.005e+09,8.23e+08,9.438e+09,4.4709e+10
"649",649,"American Eagle Outfitters","AEO","Retailing","Specialty Retailers: Apparel","yes","false","false","no",-44,"no","yes","n/a","no","no",24000,2628,-0.4,-70.2,"Jay L. Schottenstein","U.S.","Pittsburgh","PA","www.aeo-inc.com","Public","Figures are for fiscal year ended Jan. 31, 2023. Market value as of March 31, 2023.",4.99e+09,1.25e+08,3.421e+09,2.628e+09
"650",650,"Peabody Energy","BTU","Energy","Mining, Crude-Oil Production","yes","false","false","yes",131,"yes","no","n/a","no","no",5500,3705,50.1,260.2,"James C. Grech","U.S.","St. Louis","MO","www.peabodyenergy.com","Public","Market value as of March 31, 2023.",4.982e+09,1.297e+09,5.611e+09,3.705e+09
"651",651,"Hubbell","HUBB","Industrials","Electronics, Electrical Equip.","yes","false","false","no",-16,"no","yes","n/a","no","no",16300,13036,5.8,36.6,"Gerben W. Bakker","U.S.","Shelton","CT","www.hubbell.com","Public","Includes revenues from discontinued operations. Market value as of March 31, 2023.",4.977e+09,5.46e+08,5.403e+09,1.3036e+10
"652",652,"Kelly Services","KELYA","Business Services","Temporary Help","no","false","false","yes",-34,"no","yes","n/a","no","no",7500,616,1.1,-140,"Peter W. Quigley","U.S.","Troy","MI","www.kellyservices.com","Public","Market value as of March 31, 2023.",4.965e+09,6.3e+07,2.664e+09,6.16e+08
"653",653,"Southwest Gas Holdings","SWX","Energy","Utilities: Gas and Electric","no","false","true","yes",75,"yes","no","n/a","no","no",13614,4454,34.8,-201.3,"Karen S. Haller","U.S.","Las Vegas","NV","www.swgasholdings.com","Public","Market value as of March 31, 2023.",4.96e+09,2.03e+08,1.3197e+10,4.454e+09
"654",654,"Winnebago Industries","WGO","Motor Vehicles & Parts","Motor Vehicles & Parts","yes","false","false","yes",83,"yes","no","n/a","no","no",7445,1763,36.6,38.6,"Michael J. Happe","U.S.","Eden Prairie","MN","www.winnebagoind.com","Public","Figures are for fiscal year ended Aug. 31, 2022. Market value as of March 31, 2023.",4.958e+09,3.91e+08,2.417e+09,1.763e+09
"655",655,"Tempur Sealy International","TPX","Household Products","Home Equipment, Furnishings","yes","false","false","no",-40,"no","yes","n/a","no","no",12000,6795,-0.2,-27,"Scott L. Thompson","U.S.","Lexington","KY","www.tempursealy.com","Public","Market value as of March 31, 2023.",4.921e+09,4.56e+08,4.36e+09,6.795e+09
"656",656,"Host Hotels & Resorts","HST","Financials","Real estate","yes","false","false","yes",200,"yes","no","n/a","no","no",165,11682,69.8,NA,"James F. Risoleo","U.S.","Bethesda","MD","www.hosthotels.com","Public","A real estate investment trust. Market value as of March 31, 2023.",4.907e+09,6.33e+08,1.2269e+10,1.1682e+10
"657",657,"Encompass Health","EHC","Health Care","Health Care: Medical Facilities","yes","false","false","no",-65,"no","yes","n/a","no","no",27679,5395,-4.5,-34.3,"Mark J. Tarr","U.S.","Birmingham","AL","www.encompasshealth.com","Public","Includes revenues from discontinued operations. Market value as of March 31, 2023.",4.891e+09,2.71e+08,5.637e+09,5.395e+09
"658",658,"TriNet Group","TNET","Business Services","Diversified Outsourcing Services","yes","false","false","yes",-9,"no","yes","n/a","no","no",3600,4835,7.6,5,"Burton M. Goldfield","U.S.","Dublin","CA","www.trinet.com","Public","Market value as of March 31, 2023.",4.885e+09,3.55e+08,3.443e+09,4.835e+09
"659",659,"Patrick Industries","PATK","Materials","Building Materials, Glass","yes","false","false","no",26,"yes","no","n/a","no","no",11000,1543,19.7,45.9,"Andy L. Nemeth","U.S.","Elkhart","IN","www.patrickind.com","Public","Market value as of March 31, 2023.",4.882e+09,3.28e+08,2.783e+09,1.543e+09
"660",660,"Hologic","HOLX","Health Care","Medical Products and Equipment","yes","false","false","yes",-109,"no","yes","n/a","no","no",6944,19897,-13.7,-30.4,"Stephen P. MacMillan","U.S.","Marlborough","MA","www.hologic.com","Public","Figures are for fiscal year ended Sept. 30, 2022. Market value as of March 31, 2023.",4.863e+09,1.302e+09,9.071e+09,1.9897e+10
"661",661,"Snap-on","SNA","Industrials","Industrial Machinery","yes","false","false","yes",-20,"no","yes","n/a","no","no",12900,13117,5.2,11.1,"Nicholas T. Pinchuk","U.S.","Kenosha","WI","www.snapon.com","Public","Market value as of March 31, 2023.",4.843e+09,9.12e+08,6.973e+09,1.3117e+10
"662",662,"Catalent","CTLT","Health Care","Pharmaceuticals","yes","false","false","yes",30,"yes","no","n/a","no","no",19000,11834,20.8,-11.3,"Alessandro Maselli","U.S.","Somerset","NJ","www.catalent.com","Public","Figures are for fiscal year ended June 30, 2022. Market value as of March 31, 2023.",4.828e+09,5.19e+08,1.0507e+10,1.1834e+10
"663",663,"EPAM Systems","EPAM","Technology","Information Technology Services","yes","true","false","yes",58,"yes","no","n/a","no","no",59300,17246,28.4,-12.9,"Arkadiy Dobkin","U.S.","Newtown","PA","www.epam.com","Public","Market value as of March 31, 2023.",4.825e+09,4.19e+08,4.009e+09,1.7246e+10
"664",664,"Flowers Foods","FLO","Food, Beverages & Tobacco","Food Consumer Products","yes","false","false","yes",NA,"","","n/a","no","no",9200,5791,11,10.8,"A. Ryals McMullian","U.S.","Thomasville","GA","www.flowersfoods.com","Public","Market value as of March 31, 2023.",4.806e+09,2.28e+08,3.313e+09,5.791e+09
"665",665,"RXO","RXO","Transportation","Trucking, Truck Leasing","yes","false","false","",NA,"","","n/a","no","no",7419,2290,NA,NA,"Drew M. Wilkerson","U.S.","Charlotte","NC","www.rxo.com","Public","Spun off from XPO (2022 rank: 479), Nov. 1, 2022. Market value as of March 31, 2023.",4.796e+09,9.2e+07,2.031e+09,2.29e+09
"666",666,"Urban Outfitters","URBN","Retailing","Specialty Retailers: Apparel","yes","true","false","yes",-20,"no","yes","n/a","no","no",19110,2555,5.4,-48.6,"Richard A. Hayne","U.S.","Philadelphia","PA","www.urbn.com","Public","Figures are for fiscal year ended Jan. 31, 2023. Market value as of March 31, 2023.",4.795e+09,1.6e+08,3.683e+09,2.555e+09
"667",667,"Spectrum Brands Holdings","SPB","Household Products","Household and Personal Products","yes","false","false","no",163,"yes","no","n/a","no","no",11000,2715,3.7,-62.2,"David M. Maura","U.S.","Middleton","WI","www.spectrumbrands.com","Public","Includes revenues from discontinued operations. Figures are for fiscal year ended Sept. 30, 2022. Market value as of March 31, 2023.",4.785e+09,7.2e+07,5.776e+09,2.715e+09
"668",668,"Domtar","","Materials","Forest and Paper Products","yes","false","false","yes",12,"yes","no","n/a","no","no",6300,NA,14.5,NA,"Steven M. Henry","U.S.","Fort Mill","SC","www.domtar.com","Private","Includes revenues from discontinued operations. Acquired Resolute Forest Products (2021 rank: 732), Dec. 28, 2022.",4.731e+09,3.39e+08,4.724e+09,NA
"669",669,"Avient","AVNT","Chemicals","Chemicals","yes","false","false","yes",-47,"no","yes","n/a","no","no",9700,3749,-1.9,204.6,"Robert M. Patterson","U.S.","Avon Lake","OH","www.avient.com","Public","Includes revenues from discontinued operations. Market value as of March 31, 2023.",4.729e+09,7.03e+08,6.085e+09,3.749e+09
"670",670,"Lennox International","LII","Industrials","Industrial Machinery","yes","false","false","yes",6,"yes","no","n/a","no","no",13200,8914,12.5,7.1,"Alok Maskara","U.S.","Richardson","TX","www.lennoxinternational.com","Public","Market value as of March 31, 2023.",4.718e+09,4.97e+08,2.568e+09,8.914e+09
"671",671,"CrossAmerica Partners","CAPL","Energy","Oil and Gas Equipment, Services","yes","false","false","yes",105,"yes","no","n/a","no","no",2237,815,40.2,194.2,"Charles M. Nifong Jr.","U.S.","Allentown","PA","www.crossamericapartners.com","Public","Excise taxes have been deducted. A partnership. Market value as of March 31, 2023.",4.697e+09,6.4e+07,1.255e+09,8.15e+08
"672",672,"Weis Markets","WMK","Food & Drug Stores","Food and Drug Stores","yes","false","false","no",NA,"","","n/a","no","no",23000,2278,11.2,15,"Jonathan H. Weis","U.S.","Sunbury","PA","www.weismarkets.com","Public","Market value as of March 31, 2023.",4.696e+09,1.25e+08,1.959e+09,2.278e+09
"673",673,"Digital Realty Trust","DLR","Financials","Real estate","yes","false","false","yes",-17,"no","yes","n/a","no","no",3412,28637,6,-77.9,"Andrew P. Power","U.S.","Austin","TX","www.digitalrealty.com","Public","A real estate investment trust. Market value as of March 31, 2023.",4.692e+09,3.78e+08,4.1485e+10,2.8637e+10
"674",674,"Calumet Specialty Products Partners","CLMT","Energy","Petroleum Refining","no","false","false","yes",133,"yes","no","n/a","no","no",1530,1388,48.9,NA,"Todd Borgmann","U.S.","Indianapolis","IN","www.calumetspecialty.com","Public","Excise taxes have been deducted. A partnership. Market value as of March 31, 2023.",4.687e+09,1.65e+08,2.742e+09,1.388e+09
"675",675,"Marriott Vacations Worldwide","VAC","Hotels, Restaurants & Leisure","Hotels, Casinos, Resorts","yes","false","false","yes",30,"yes","no","n/a","no","no",21400,4999,19.7,698,"John E. Geller Jr.","U.S.","Orlando","FL","www.marriottvacationsworldwide.com","Public","Market value as of March 31, 2023.",4.656e+09,3.91e+08,9.639e+09,4.999e+09
"676",676,"Qorvo","QRVO","Technology","Semiconductors and Other Electronic Components","yes","false","false","yes",15,"yes","no","n/a","no","no",8900,10146,15.7,40.9,"Robert A. Bruggeworth","U.S.","Greensboro","NC","www.qorvo.com","Public","Figures are for fiscal year ended March 31, 2022. Market value as of March 31, 2023.",4.646e+09,1.033e+09,7.509e+09,1.0146e+10
"677",677,"TreeHouse Foods","THS","Food, Beverages & Tobacco","Food Consumer Products","no","false","false","no",-20,"no","yes","n/a","no","no",7500,2830,5.2,NA,"Steven T. Oakland","U.S.","Oak Brook","IL","www.treehousefoods.com","Public","Includes revenues from discontinued operations. Market value as of March 31, 2023.",4.636e+09,1.46e+08,4.254e+09,2.83e+09
"678",678,"GMS","GMS","Wholesalers","Wholesalers: Diversified","yes","false","false","no",108,"yes","no","n/a","no","no",5475,2391,40.5,159,"John C. Turner Jr.","U.S.","Tucker","GA","www.gms.com","Public","Figures are for fiscal year ended April 30, 2022. Market value as of March 31, 2023.",4.635e+09,2.73e+08,3.104e+09,2.391e+09
"679",679,"Maximus","MMS","Technology","Information Technology Services","yes","false","false","yes",-12,"no","yes","n/a","no","no",39500,4783,8.9,-30,"Bruce L. Caswell","U.S.","McLean","VA","www.maximus.com","Public","Figures are for fiscal year ended Sept. 30, 2022. Market value as of March 31, 2023.",4.631e+09,2.04e+08,3.993e+09,4.783e+09
"680",680,"TelevisaUnivision","","Media","Entertainment","no","false","false","",186,"yes","no","n/a","no","no",14000,NA,62.8,-1243.5,"Wade C. Davis","U.S.","New York","NY","corporate.televisaunivision.com","Private","Acquired by Univision Holdings II, Inc., May 18, 2021, and became a wholly-owned subsidiary. UH Holdco merged with Grupo Televisa's media content business to form TelevisaUnivision, Jan. 31, 2022.",4.626e+09,1.529e+09,1.7494e+10,NA
"681",681,"Paychex","PAYX","Business Services","Diversified Outsourcing Services","yes","false","false","yes",5,"yes","no","n/a","no","no",16000,41311,13.7,26.9,"John B. Gibson","U.S.","Rochester","NY","www.paychex.com","Public","Figures are for fiscal year ended May 31, 2022. Market value as of March 31, 2023.",4.612e+09,1.393e+09,9.635e+09,4.1311e+10
"682",682,"Revvity","RVTY","Health Care","Medical Products and Equipment","yes","false","false","no",-82,"no","yes","n/a","no","no",16700,16846,-9,-39.7,"Prahlad R. Singh","U.S.","Waltham","MA","www.revvity.com","Public","Spun off its Applied, Food and Enterprise Services businesses and changed name from Perkin Elmer, May 9, 2023. Includes revenues from discontinued operations. Market value as of March 31, 2023.",4.61e+09,5.69e+08,1.413e+10,1.6846e+10
"683",683,"Rithm Capital","RITM","Financials","Real estate","yes","false","false","no",64,"yes","no","n/a","no","no",5763,3790,30.4,23.6,"Michael Nierenberg","U.S.","New York","NY","www.rithmcap.com","Public","Changed name from New Residential Investment, Aug. 2, 2022. A real estate investment trust. Market value as of March 31, 2023.",4.607e+09,9.55e+08,3.2479e+10,3.79e+09
"684",684,"Snap","SNAP","Technology","Internet Services and Retailing","no","true","false","no",-1,"no","yes","n/a","no","no",5288,17727,11.8,NA,"Evan Spiegel","U.S.","Santa Monica","CA","www.snap.com","Public","Market value as of March 31, 2023.",4.602e+09,1.43e+09,8.03e+09,1.7727e+10
"685",685,"eXp World Holdings","EXPI","Financials","Real estate","yes","true","false","yes",32,"yes","no","n/a","no","no",2016,1940,21.9,-81,"Glenn Sanford","U.S.","Bellingham","WA","www.expworldholdings.com","Public","Market value as of March 31, 2023.",4.598e+09,1.5e+07,3.82e+08,1.94e+09
"686",686,"Stifel Financial","SF","Financials","Securities","yes","false","false","yes",-61,"no","yes","n/a","no","no",9000,6305,-4,-19.7,"Ronald J. Kruszewski","U.S.","St. Louis","MO","www.stifel.com","Public","Market value as of March 31, 2023.",4.593e+09,6.62e+08,3.7196e+10,6.305e+09
"687",687,"Illumina","ILMN","Technology","Scientific, Photographic and Control Equipment","no","false","false","yes",-36,"no","yes","n/a","no","no",12430,36743,1.3,-678,"Charles Dadswell","U.S.","San Diego","CA","www.illumina.com","Public","Market value as of March 31, 2023.",4.584e+09,4.404e+09,1.2252e+10,3.6743e+10
"688",688,"ASGN","ASGN","Business Services","Diversified Outsourcing Services","yes","false","false","yes",-25,"no","yes","n/a","no","no",4000,4076,5.7,-34.6,"Theodore S. Hanson","U.S.","Glen Allen","VA","www.asgn.com","Public","Market value as of March 31, 2023.",4.581e+09,2.68e+08,3.586e+09,4.076e+09
"689",689,"Penn Mutual Life Insurance","","Financials","Insurance: Life, Health (stock)","yes","false","false","yes",-42,"no","yes","n/a","no","no",3312,NA,0.5,-65.7,"David M. O&#039;Malley","U.S.","Horsham","PA","www.pennmutual.com","Private","A mutual company, not a stock company. It is grouped with stock companies because it reports according to Generally Accepted Accounting Principles.",4.568e+09,1.8e+08,4.155e+10,NA
"690",690,"Generac Holdings","GNRC","Industrials","Industrial Machinery","yes","false","false","yes",33,"yes","no","n/a","no","no",9330,6685,22.1,-27.4,"Aaron P. Jagdfeld","U.S.","Waukesha","WI","www.generac.com","Public","Market value as of March 31, 2023.",4.565e+09,4e+08,5.17e+09,6.685e+09
"691",691,"Atlas Air Worldwide Holdings","AAWW","Transportation","Transportation and Logistics","yes","false","false","yes",-4,"no","yes","n/a","no","no",4500,NA,12.9,-27.9,"Michael T. Steen","U.S.","Purchase","NY","www.atlasairworldwide.com","Private","Went private, March 17, 2023.",4.549e+09,3.56e+08,6.696e+09,NA
"692",692,"Domino's Pizza","DPZ","Hotels, Restaurants & Leisure","Food Services","yes","false","false","no",-30,"no","yes","n/a","no","no",8750,11684,4.1,-11.4,"Russell J. Weiner","U.S.","Ann Arbor","MI","www.dominos.com","Public","Market value as of March 31, 2023.",4.537e+09,4.52e+08,1.602e+09,1.1684e+10
"693",693,"Brink's","BCO","Business Services","Diversified Outsourcing Services","yes","false","false","no",-18,"no","yes","n/a","no","no",70850,3116,8,62.2,"Mark Eubanks","U.S.","Richmond","VA","www.brinks.com","Public","Market value as of March 31, 2023.",4.536e+09,1.71e+08,6.366e+09,3.116e+09
"694",694,"Toro","TTC","Industrials","Construction and Farm Machinery","yes","false","false","yes",3,"yes","no","n/a","no","no",11287,11592,14,8.2,"Richard M. Olson","U.S.","Bloomington","MN","www.thetorocompany.com","Public","Figures are for fiscal year ended Oct. 31, 2022. Market value as of March 31, 2023.",4.515e+09,4.43e+08,3.556e+09,1.1592e+10
"695",695,"Century Communities","CCS","Engineering & Construction","Homebuilders","yes","true","false","no",-22,"no","yes","n/a","no","no",1537,2047,6.9,5.3,"Dale Francescon/Robert J. Francescon","U.S.","Greenwood Village","CO","www.centurycommunities.com","Public","Market value as of March 31, 2023.",4.506e+09,5.25e+08,3.774e+09,2.047e+09
"696",696,"Timken","TKR","Industrials","Industrial Machinery","yes","false","false","yes",-17,"no","yes","n/a","no","no",19404,5934,8.8,10.4,"Richard G. Kyle","U.S.","North Canton","OH","www.timken.com","Public","Market value as of March 31, 2023.",4.497e+09,4.07e+08,5.772e+09,5.934e+09
"697",697,"Sentry Insurance Group","","Financials","Insurance: Property and Casualty (Mutual)","yes","false","false","yes",-47,"no","yes","n/a","no","no",4293,NA,-1.1,-54.9,"Peter G. McPartland","U.S.","Stevens Point","WI","www.sentry.com","Private","Market value as of March 31, 2021.",4.477e+09,3.34e+08,2.2869e+10,NA
"698",698,"Western Union","WU","Business Services","Financial Data Services","yes","false","false","no",-99,"no","yes","n/a","no","no",8900,4175,-11.7,13,"Devin B. McGranahan","U.S.","Denver","CO","www.westernunion.com","Public","Market value as of March 31, 2023.",4.476e+09,9.11e+08,8.496e+09,4.175e+09
"699",699,"BlueLinx Holdings","BXC","Wholesalers","Wholesalers: Diversified","yes","false","false","yes",-34,"no","yes","n/a","no","no",2090,616,4,NA,"Shyam K. Reddy","U.S.","Marietta","GA","www.bluelinxco.com","Public","Market value as of March 31, 2023.",4.45e+09,2.96e+08,1.49e+09,6.16e+08
"700",700,"Carlyle Group","CG","Financials","Securities","yes","false","false","yes",-302,"no","yes","n/a","no","no",2100,11313,-49.5,-58.8,"Harvey M. Schwartz","U.S.","Washington","DC","www.carlyle.com","Public","Market value as of March 31, 2023.",4.439e+09,1.225e+09,2.1403e+10,1.1313e+10
"701",701,"Primoris Services","PRIM","Engineering & Construction","Engineering & Construction","yes","false","false","yes",51,"yes","no","n/a","no","no",12802,1314,26.4,15.1,"Thomas E. McCormick","U.S.","Dallas","TX","www.prim.com","Public","Market value as of March 31, 2023.",4.421e+09,1.33e+08,3.544e+09,1.314e+09
"702",702,"Terex","TEX","Industrials","Construction and Farm Machinery","yes","false","false","yes",4,"yes","no","n/a","no","no",9300,3295,13.7,35.8,"John L. Garrison Jr.","U.S.","Norwalk","CT","www.terex.com","Public","Market value as of March 31, 2023.",4.418e+09,3e+08,3.118e+09,3.295e+09
"703",703,"Fortinet","FTNT","Technology","Computer Software","yes","true","false","yes",75,"yes","no","n/a","no","no",12595,52109,32.2,41.3,"Ken Xie","U.S.","Sunnyvale","CA","www.fortinet.com","Public","Market value as of March 31, 2023.",4.417e+09,8.57e+08,6.228e+09,5.2109e+10
"704",704,"Bloomin' Brands","BLMN","Hotels, Restaurants & Leisure","Food Services","yes","false","false","yes",-23,"no","yes","n/a","no","no",87000,2247,7.1,-52.7,"David J. Deno","U.S.","Tampa","FL","www.bloominbrands.com","Public","Market value as of March 31, 2023.",4.417e+09,1.02e+08,3.32e+09,2.247e+09
"705",705,"Elanco Animal Health","ELAN","Health Care","Pharmaceuticals","no","false","false","no",-77,"no","yes","n/a","no","no",9740,4621,-7.4,NA,"Jeffrey N. Simmons","U.S.","Greenfield","IN","www.elanco.com","Public","Market value as of March 31, 2023.",4.411e+09,7.8e+07,1.5491e+10,4.621e+09
"706",706,"Franchise Group","FRG","Retailing","Specialty Retailers: Other","no","false","false","no",68,"yes","no","n/a","no","no",11406,952,30.8,-118.8,"Brian R. Kahn","U.S.","Delaware","OH","www.franchisegrp.com","Public","Market value as of March 31, 2023.",4.398e+09,6.9e+07,3.63e+09,9.52e+08
"707",707,"Zoom Video Communications","ZM","Technology","Computer Software","yes","true","false","yes",-23,"no","yes","n/a","no","no",8484,21697,7.1,-92.5,"Eric S. Yuan","U.S.","San Jose","CA","www.zoom.com","Public","Figures are for fiscal year ended Jan. 31, 2023. Market value as of March 31, 2023.",4.393e+09,1.04e+08,8.128e+09,2.1697e+10
"708",708,"FM Global","","Financials","Insurance: Property and Casualty (Stock)","no","false","false","no",-290,"no","yes","n/a","no","no",5445,NA,-46.9,-110.4,"Malcolm C. Roberts","U.S.","Johnston","RI","www.fmglobal.com","Private","A mutual company, not a stock company. It is grouped with stock companies because it reports according to Generally Accepted Accounting Principles.",4.392e+09,2.96e+08,3.0734e+10,NA
"709",709,"Arista Networks","ANET","Technology","Network and Other Communications Equipment","yes","false","true","yes",135,"yes","no","n/a","no","no",3612,51432,48.6,60.8,"Jayshree V. Ullal","U.S.","Santa Clara","CA","www.arista.com","Public","Market value as of March 31, 2023.",4.381e+09,1.352e+09,6.775e+09,5.1432e+10
"710",710,"Tri Pointe Homes","TPH","Engineering & Construction","Homebuilders","yes","false","false","yes",-15,"no","yes","n/a","no","yes",1470,2558,9.2,22.8,"Douglas F. Bauer","U.S.","Incline Village","NV","www.tripointehomes.com","Public","Market value as of March 31, 2023.",4.349e+09,5.76e+08,4.72e+09,2.558e+09
"711",711,"Valmont Industries","VMI","Materials","Metals","yes","false","false","yes",39,"yes","no","n/a","no","no",11364,6817,24.1,28.2,"Avner M. Applbaum","U.S.","Omaha","NE","www.valmont.com","Public","Market value as of March 31, 2023.",4.345e+09,2.51e+08,3.557e+09,6.817e+09
"712",712,"Matson","MATX","Transportation","Shipping","yes","false","false","yes",-9,"no","yes","n/a","no","no",4288,2152,10.6,14.7,"Matthew J. Cox","U.S.","Honolulu","HI","www.matson.com","Public","Market value as of March 31, 2023.",4.343e+09,1.064e+09,4.33e+09,2.152e+09
"713",713,"Las Vegas Sands","LVS","Hotels, Restaurants & Leisure","Hotels, Casinos, Resorts","yes","false","false","no",-146,"no","yes","n/a","no","no",35600,43907,-21.2,NA,"Robert G. Goldstein","U.S.","Las Vegas","NV","www.sands.com","Public","Includes revenues from discontinued operations. Market value as of March 31, 2023.",4.338e+09,1.832e+09,2.2039e+10,4.3907e+10
"714",714,"Bread Financial Holdings","BFH","Business Services","Financial Data Services","yes","false","false","yes",-44,"no","yes","n/a","no","no",7500,1520,2.3,-72.2,"Ralph J. Andretta","U.S.","Columbus","OH","www.breadfinancial.com","Public","Market value as of March 31, 2023.",4.329e+09,2.23e+08,2.5407e+10,1.52e+09
"715",715,"Pinnacle West Capital","PNW","Energy","Utilities: Gas and Electric","yes","false","false","no",1,"yes","no","n/a","no","no",5861,8968,13.7,-21.8,"Jeffrey B Guldner","U.S.","Phoenix","AZ","www.pinnaclewest.com","Public","Market value as of March 31, 2023.",4.324e+09,4.84e+08,2.2723e+10,8.968e+09
"716",716,"Cabot","CBT","Chemicals","Chemicals","yes","false","false","no",50,"yes","no","n/a","no","no",4190,4317,26.8,-16.4,"Sean D. Keohane","U.S.","Boston","MA","www.cabotcorp.com","Public","Figures are for fiscal year ended Sept. 30, 2022. Market value as of March 31, 2023.",4.321e+09,2.09e+08,3.525e+09,4.317e+09
"717",717,"Louisiana-Pacific","LPX","Materials","Building Materials, Glass","yes","false","false","no",-72,"no","yes","n/a","no","no",4300,3904,-5.4,-21.1,"W. Bradley Southern","U.S.","Nashville","TN","www.lpcorp.com","Public","Includes revenues from discontinued operations. Market value as of March 31, 2023.",4.309e+09,1.086e+09,2.35e+09,3.904e+09
"718",718,"Floor & Decor Holdings","FND","Retailing","Specialty Retailers: Other","yes","false","false","yes",46,"yes","no","n/a","no","no",10633,10457,24.2,5.3,"Thomas V. Taylor","U.S.","Atlanta","GA","www.flooranddecor.com","Public","Market value as of March 31, 2023.",4.265e+09,2.98e+08,4.351e+09,1.0457e+10
"719",719,"Upbound Group","UPBD","Retailing","Specialty Retailers: Other","yes","false","false","no",-77,"no","yes","n/a","no","no",12690,1366,-7.4,-90.8,"Mitchell E. Fadel","U.S.","Plano","TX","www.upbound.com","Public","Changed name from Rent-A-Center, Feb. 22, 2023. Market value as of March 31, 2023.",4.245e+09,1.2e+07,2.764e+09,1.366e+09
"720",720,"Puget Energy","","Energy","Utilities: Gas and Electric","yes","false","true","yes",-6,"no","yes","n/a","no","no",3250,NA,10.9,58.8,"Mary E. Kipp","U.S.","Bellevue","WA","www.pugetenergy.com","Private","Market value as of March 31, 2021.",4.221e+09,4.14e+08,1.7188e+10,NA
"721",721,"Alliant Energy","LNT","Energy","Utilities: Gas and Electric","yes","false","false","no",10,"yes","no","n/a","no","no",3129,13411,14.6,4.1,"John O. Larsen","U.S.","Madison","WI","www.alliantenergy.com","Public","Market value as of March 31, 2023.",4.205e+09,6.86e+08,2.0163e+10,1.3411e+10
"722",722,"Atmos Energy","ATO","Energy","Utilities: Gas and Electric","yes","false","false","yes",46,"yes","no","n/a","no","no",4791,16086,23.3,16.4,"John K. Akers","U.S.","Dallas","TX","www.atmosenergy.com","Public","Figures are for fiscal year ended Sept. 30, 2022. Market value as of March 31, 2023.",4.202e+09,7.74e+08,2.2193e+10,1.6086e+10
"723",723,"Parsons","PSN","Aerospace & Defense","Aerospace & Defense","yes","false","true","yes",10,"yes","no","n/a","no","no",17000,4685,14.6,50.9,"Carey A. Smith","U.S.","Centreville","VA","www.parsons.com","Public","Market value as of March 31, 2023.",4.195e+09,9.7e+07,4.198e+09,4.685e+09
"724",724,"Public Storage","PSA","Financials","Real estate","yes","false","false","yes",41,"yes","no","n/a","no","no",5900,53115,22.4,122.7,"Joseph D. Russell Jr.","U.S.","Glendale","CA","www.publicstorage.com","Public","A real estate investment trust. Market value as of March 31, 2023.",4.182e+09,4.349e+09,1.7552e+10,5.3115e+10
"725",725,"Liberty Energy","LBRT","Energy","Oil and Gas Equipment, Services","yes","true","false","yes",199,"yes","no","n/a","no","no",4580,2248,67.9,NA,"Christopher A. Wright","U.S.","Denver","CO","www.libertyfrac.com","Public","Market value as of March 31, 2023.",4.149e+09,4e+08,2.576e+09,2.248e+09
"726",726,"Range Resources","RRC","Energy","Mining, Crude-Oil Production","yes","false","false","yes",120,"yes","no","n/a","no","no",544,6397,41.5,187.4,"Dennis L. Degner","U.S.","Fort Worth","TX","www.rangeresources.com","Public","Market value as of March 31, 2023.",4.147e+09,1.183e+09,6.626e+09,6.397e+09
"727",727,"Sylvamo","SLVM","Materials","Forest and Paper Products","yes","false","false","",NA,"","","n/a","no","no",6500,1960,NA,NA,"","U.S.","Memphis","TN","www.sylvamo.com","Public","Includes revenues from discontinued operations. Spun off from International Paper (2022 rank: 184), Oct. 1, 2021. Market value as of March 31, 2023.",4.146e+09,1.18e+08,2.71e+09,1.96e+09
"728",728,"Comfort Systems USA","FIX","Engineering & Construction","Engineering & Construction","yes","false","false","yes",92,"yes","no","n/a","no","no",14100,5216,34.7,71.6,"Brian E. Lane","U.S.","Houston","TX","www.comfortsystemsusa.com","Public","Market value as of March 31, 2023.",4.14e+09,2.46e+08,2.598e+09,5.216e+09
"729",729,"M/I Homes","MHO","Engineering & Construction","Homebuilders","yes","false","false","yes",-7,"no","yes","n/a","no","no",1663,1746,10.3,23.6,"Robert H. Schottenstein","U.S.","Columbus","OH","www.mihomes.com","Public","Market value as of March 31, 2023.",4.131e+09,4.91e+08,3.715e+09,1.746e+09
"730",730,"Ventas","VTR","Financials","Real estate","no","false","true","yes",-19,"no","yes","n/a","no","no",451,17340,7.9,-196.8,"Debra A. Cafaro","U.S.","Chicago","IL","www.ventasreit.com","Public","A real estate investment trust. Market value as of March 31, 2023.",4.129e+09,4.7e+07,2.4158e+10,1.734e+10
"731",731,"Service Corp. International","SCI","Business Services","Miscellaneous","yes","false","false","yes",-54,"no","yes","n/a","no","no",21364,10535,-0.8,-29.6,"Thomas L. Ryan","U.S.","Houston","TX","www.sci-corp.com","Public","Market value as of March 31, 2023.",4.109e+09,5.65e+08,1.5066e+10,1.0535e+10
"732",732,"Alpha Metallurgical Resources","AMR","Energy","Mining, Crude-Oil Production","yes","false","false","yes",233,"yes","no","n/a","no","no",3730,2342,81.6,401.6,"Charles Andrew Eidson","U.S.","Bristol","TN","www.alphametresources.com","Public","Market value as of March 31, 2023.",4.102e+09,1.449e+09,2.313e+09,2.342e+09
"733",733,"Lamb Weston Holdings","LW","Food, Beverages & Tobacco","Food Consumer Products","yes","false","false","yes",-3,"no","yes","n/a","no","no",8000,15451,11.7,-36.8,"Thomas P. Werner","U.S.","Eagle","ID","www.lambweston.com","Public","Figures are for fiscal year ended May 31, 2022. Market value as of March 31, 2023.",4.099e+09,2.01e+08,4.14e+09,1.5451e+10
"734",734,"Lyft","LYFT","Technology","Internet Services and Retailing","no","false","false","no",66,"yes","no","n/a","no","no",4419,3505,27.6,NA,"David Risher","U.S.","San Francisco","CA","www.lyft.com","Public","Market value as of March 31, 2023.",4.095e+09,1.585e+09,4.556e+09,3.505e+09
"735",735,"GoDaddy","GDDY","Technology","Internet Services and Retailing","yes","false","false","yes",-23,"no","yes","n/a","no","no",6910,11956,7.2,45.4,"Aman Bhutani","U.S.","Tempe","AZ","www.godaddy.com","Public","Market value as of March 31, 2023.",4.091e+09,3.52e+08,6.974e+09,1.1956e+10
"736",736,"Interactive Brokers Group","IBKR","Financials","Securities","yes","false","false","yes",109,"yes","no","n/a","no","no",2820,34913,39,23.4,"Milan Galik","U.S.","Greenwich","CT","www.interactivebrokers.com","Public","Market value as of March 31, 2023.",4.085e+09,3.8e+08,1.15143e+11,3.4913e+10
"737",737,"PriceSmart","PSMT","Retailing","General Merchandisers","yes","true","false","yes",2,"yes","no","n/a","no","no",10600,2220,12.3,6.7,"Robert E. Price","U.S.","San Diego","CA","www.pricesmart.com","Public","Figures are for fiscal year ended Aug. 31, 2022. Market value as of March 31, 2023.",4.066e+09,1.05e+08,1.808e+09,2.22e+09
"738",738,"Advantage Solutions","ADV","Business Services","Advertising, marketing","no","false","false","yes",2,"yes","no","n/a","no","no",48500,509,12.4,-2633.3,"David Peacock","U.S.","Irvine","CA","www.advantagesolutions.net","Public","Market value as of March 31, 2023.",4.05e+09,1.381e+09,4.262e+09,5.09e+08
"739",739,"Middleby","MIDD","Industrials","Industrial Machinery","yes","false","false","yes",49,"yes","no","n/a","no","no",11268,7871,24.1,-10.6,"Timothy J. FitzGerald","U.S.","Elgin","IL","www.middleby.com","Public","Market value as of March 31, 2023.",4.033e+09,4.37e+08,6.875e+09,7.871e+09
"740",740,"Texas Roadhouse","TXRH","Hotels, Restaurants & Leisure","Food Services","yes","false","false","yes",17,"yes","no","n/a","no","no",82000,7244,15.9,10,"Gerald L. Morgan","U.S.","Louisville","KY","www.texasroadhouse.com","Public","Market value as of March 31, 2023.",4.015e+09,2.7e+08,2.526e+09,7.244e+09
"741",741,"SiteOne Landscape Supply","SITE","Wholesalers","Wholesalers: Diversified","yes","false","false","yes",15,"yes","no","n/a","no","no",6785,6156,15.5,2.9,"Doug Black","U.S.","Roswell","GA","www.siteone.com","Public","Market value as of March 31, 2023.",4.015e+09,2.45e+08,2.534e+09,6.156e+09
"742",742,"Acuity Brands","AYI","Industrials","Electronics, Electrical Equip.","yes","false","false","yes",17,"yes","no","n/a","no","no",13200,5857,15.7,25.4,"Neil M. Ashe","U.S.","Atlanta","GA","www.acuitybrands.com","Public","Figures are for fiscal year ended Aug. 31, 2022. Market value as of March 31, 2023.",4.006e+09,3.84e+08,3.48e+09,5.857e+09
"743",743,"Topgolf Callaway Brands","MODG","Hotels, Restaurants & Leisure","Toys, Sporting Goods","yes","false","false","yes",68,"yes","no","n/a","no","no",32000,4006,27.5,-51,"Oliver G. Brewer III","U.S.","Carlsbad","CA","www.topgolfcallawaybrands.com","Public","Changed name from Callaway Golf, Sept. 6, 2022. Market value as of March 31, 2023.",3.996e+09,1.58e+08,8.59e+09,4.006e+09
"744",744,"Mueller Industries","MLI","Industrials","Industrial Machinery","yes","false","false","no",-26,"no","yes","n/a","no","no",5137,4187,5.7,40.5,"Gregory L. Christopher","U.S.","Collierville","TN","www.muellerindustries.com","Public","Market value as of March 31, 2023.",3.983e+09,6.58e+08,2.242e+09,4.187e+09
"745",745,"Charles River Laboratories International","CRL","Health Care","Health Care: Pharmacy and Other Services","yes","false","false","yes",NA,"","","n/a","no","no",20700,10330,12.3,24.4,"James C. Foster","U.S.","Wilmington","MA","www.criver.com","Public","Market value as of March 31, 2023.",3.976e+09,4.86e+08,7.603e+09,1.033e+10
"746",746,"Oscar Health","OSCR","Health Care","Health Care: Insurance and Managed Care","no","false","false","yes",NA,"","","n/a","no","no",2714,1415,115.6,NA,"Mark T. Bertolini","U.S.","New York","NY","www.hioscar.com","Public","Market value as of March 31, 2023.",3.964e+09,6.06e+08,4.527e+09,1.415e+09
"747",747,"Cboe Global Markets","CBOE","Financials","Securities","yes","false","false","yes",6,"yes","no","n/a","no","no",1543,14166,13.3,-55.6,"Edward T. Tilly","U.S.","Chicago","IL","www.cboe.com","Public","Market value as of March 31, 2023.",3.959e+09,2.35e+08,6.999e+09,1.4166e+10
"748",748,"Offerpad Solutions","OPAD","Financials","Real estate","no","true","false","no",NA,"","","n/a","no","no",900,130,90.9,-2400.5,"Brian Bair","U.S.","Chandler","AZ","www.offerpad.com","Public","Market value as of March 31, 2023.",3.952e+09,1.49e+08,8.25e+08,1.3e+08
"749",749,"MillerKnoll","MLKN","Household Products","Home Equipment, Furnishings","no","false","true","yes",178,"yes","no","n/a","no","no",11300,1546,60.1,-115.7,"Andrea R. Owen","U.S.","Zeeland","MI","www.millerknoll.com","Public","Figures are for fiscal year ended May 31, 2022. Market value as of March 31, 2023.",3.946e+09,2.7e+07,4.514e+09,1.546e+09
"750",750,"Option Care Health","OPCH","Health Care","Health Care: Pharmacy and Other Services","yes","false","false","yes",13,"yes","no","n/a","no","no",6828,5702,14.7,7.6,"John C. Rademacher","U.S.","Bannockburn","IL","www.optioncarehealth.com","Public","Market value as of March 31, 2023.",3.945e+09,1.51e+08,3.113e+09,5.702e+09
"751",751,"Brown-Forman","BFB","Food, Beverages & Tobacco","Beverages","yes","false","false","yes",8,"yes","no","n/a","no","no",5200,30957,13.6,-7.2,"Lawson E. Whiting","U.S.","Louisville","KY","www.brown-forman.com","Public","Excise taxes have been deducted. Figures are for fiscal year ended April 30, 2022. Market value as of March 31, 2023.",3.933e+09,8.38e+08,6.373e+09,3.0957e+10
"752",752,"Murphy Oil","MUR","Energy","Mining, Crude-Oil Production","yes","false","false","no",206,"yes","no","n/a","no","no",691,5773,71,NA,"Roger W. Jenkins","U.S.","Houston","TX","www.murphyoilcorp.com","Public","Market value as of March 31, 2023.",3.933e+09,9.65e+08,1.0309e+10,5.773e+09
"753",753,"Valvoline","VVV","Chemicals","Chemicals","yes","false","false","no",84,"yes","no","n/a","no","no",8900,6007,31.9,1,"Samuel J. Mitchell Jr.","U.S.","Lexington","KY","www.valvoline.com","Public","Includes revenues from discontinued operations. Figures are for fiscal year ended Sept. 30, 2022. Market value as of March 31, 2023.",3.931e+09,4.24e+08,3.417e+09,6.007e+09
"754",754,"Sinclair","SBGI","Media","Entertainment","yes","false","false","no",-237,"no","yes","n/a","no","no",7900,1194,-36,NA,"Christopher S. Ripley","U.S.","Hunt Valley","MD","www.sbgi.net","Public","Reorganized as a holding company, June 1, 2023. Sinclair Broadcasting is now a subsidiary of the company. Market value as of March 31, 2023.",3.928e+09,2.652e+09,6.704e+09,1.194e+09
"755",755,"Graham Holdings","GHC","Business Services","Miscellaneous","yes","false","false","yes",49,"yes","no","n/a","no","no",16485,2850,23.2,-80.9,"Timothy J. O?Shaughnessy","U.S.","Arlington","VA","www.ghco.com","Public","Market value as of March 31, 2023.",3.925e+09,6.7e+07,6.582e+09,2.85e+09
"756",756,"Scotts Miracle-Gro","SMG","Chemicals","Chemicals","no","false","false","no",-140,"no","yes","n/a","no","no",7360,3902,-20.3,-185.4,"James S. Hagedorn","U.S.","Marysville","OH","www.scotts.com","Public","Figures are for fiscal year ended Sept. 30, 2022. Market value as of March 31, 2023.",3.924e+09,4.38e+08,4.297e+09,3.902e+09
"757",757,"Dentsply Sirona","XRAY","Health Care","Medical Products and Equipment","no","false","false","no",-89,"no","yes","n/a","no","no",15000,8459,-7.3,-331.1,"Simon D. Campion","U.S.","Charlotte","NC","www.dentsplysirona.com","Public","Market value as of March 31, 2023.",3.922e+09,9.5e+08,7.643e+09,8.459e+09
"758",758,"Mettler-Toledo International","MTD","Technology","Scientific, Photographic and Control Equipment","yes","false","false","yes",-34,"no","yes","n/a","no","no",17200,33772,5.4,13.5,"Patrick Kaltenbach","U.S.","Columbus","OH","www.mt.com","Public","Market value as of March 31, 2023.",3.92e+09,8.73e+08,3.492e+09,3.3772e+10
"759",759,"Atkore","ATKR","Industrials","Electronics, Electrical Equip.","yes","false","false","yes",88,"yes","no","n/a","no","no",4500,5550,33.7,55.4,"William E. Waltz","U.S.","Harvey","IL","www.atkore.com","Public","Figures are for fiscal year ended Sept. 30, 2022. Market value as of March 31, 2023.",3.914e+09,9.13e+08,2.599e+09,5.55e+09
"760",760,"Country Financial","","Financials","Insurance: Property and Casualty (Mutual)","yes","false","false","no",-70,"no","yes","n/a","no","no",3135,NA,-2.6,-47.1,"Jim Jacobs","U.S.","Bloomington","IL","www.countryfinancial.com","Private","Market value as of March 31, 2021.",3.913e+09,2.22e+08,1.657e+10,NA
"761",761,"iHeartMedia","IHRT","Media","Entertainment","no","false","false","yes",-19,"no","yes","n/a","no","no",10175,579,9.9,NA,"Robert W. Pittman","U.S.","San Antonio","TX","www.iheartmedia.com","Public","Market value as of March 31, 2023.",3.912e+09,2.65e+08,8.336e+09,5.79e+08
"762",762,"AMC Entertainment Holdings","AMC","Media","Entertainment","no","false","false","yes",158,"yes","no","n/a","no","no",18241,2601,54.7,NA,"Adam M. Aron","U.S.","Leawood","KS","www.amctheatres.com","Public","Market value as of March 31, 2023.",3.911e+09,9.74e+08,9.136e+09,2.601e+09
"763",763,"Conduent","CNDT","Business Services","Diversified Outsourcing Services","no","false","false","yes",-85,"no","yes","n/a","no","no",62000,749,-6.8,NA,"Clifford A. Skelton","U.S.","Florham Park","NJ","www.conduent.com","Public","Market value as of March 31, 2023.",3.858e+09,1.82e+08,3.571e+09,7.49e+08
"764",764,"Navient","NAVI","Financials","Diversified Financials","yes","false","false","no",-3,"no","yes","n/a","no","no",4000,2062,11.1,-10,"David L. Yowan","U.S.","Wilmington","DE","www.navient.com","Public","Market value as of March 31, 2023.",3.839e+09,6.45e+08,7.0795e+10,2.062e+09
"765",765,"ATI","ATI","Materials","Metals","yes","false","false","yes",110,"yes","no","n/a","no","no",6700,5072,37,NA,"Robert S. Wetherbee","U.S.","Dallas","TX","www.atimaterials.com","Public","Changed name from Allegheny Technologies, June 22, 2022. Market value as of March 31, 2023.",3.836e+09,1.31e+08,4.446e+09,5.072e+09
"766",766,"Hilton Grand Vacations","HGV","Hotels, Restaurants & Leisure","Hotels, Casinos, Resorts","yes","false","false","yes",185,"yes","no","n/a","no","no",14500,4994,64.2,100,"Mark D. Wang","U.S.","Orlando","FL","www.hgv.com","Public","Market value as of March 31, 2023.",3.835e+09,3.52e+08,8.004e+09,4.994e+09
"767",767,"Twilio","TWLO","Technology","Internet Services and Retailing","no","true","false","yes",98,"yes","no","n/a","no","no",8156,12478,34.6,NA,"Jeff Lawson","U.S.","San Francisco","CA","www.twilio.com","Public","Market value as of March 31, 2023.",3.826e+09,1.256e+09,1.2564e+10,1.2478e+10
"768",768,"Sally Beauty Holdings","SBH","Retailing","Specialty Retailers: Other","yes","false","true","no",-61,"no","yes","n/a","no","no",21000,1672,-1.5,-23.5,"Denise A. Paulonis","U.S.","Denton","TX","www.sallybeautyholdings.com","Public","Figures are for fiscal year ended Sept. 30, 2022. Market value as of March 31, 2023.",3.816e+09,1.84e+08,2.577e+09,1.672e+09
"769",769,"Plexus","PLXS","Technology","Semiconductors and Other Electronic Components","yes","false","false","yes",3,"yes","no","n/a","no","no",25000,2703,13.1,-0.5,"Todd P. Kelsey","U.S.","Neenah","WI","www.plexus.com","Public","Figures are for fiscal year ended Sept. 30, 2022. Market value as of March 31, 2023.",3.811e+09,1.38e+08,3.393e+09,2.703e+09
"770",770,"Applied Industrial Technologies","AIT","Wholesalers","Wholesalers: Diversified","yes","false","false","yes",22,"yes","no","n/a","no","no",6100,5486,17.8,77.8,"Neil A. Schrimsher","U.S.","Cleveland","OH","www.applied.com","Public","Figures are for fiscal year ended June 30, 2022. Market value as of March 31, 2023.",3.811e+09,2.57e+08,2.453e+09,5.486e+09
"771",771,"Dycom Industries","DY","Engineering & Construction","Engineering & Construction","yes","false","false","yes",41,"yes","no","n/a","no","no",15410,2749,21.7,192.8,"Steven E. Nielsen","U.S.","Palm Beach Gardens","FL","www.dycomind.com","Public","Figures are for fiscal year ended Jan. 31, 2023. Market value as of March 31, 2023.",3.809e+09,1.42e+08,2.313e+09,2.749e+09
"772",772,"ChampionX","CHX","Energy","Oil and Gas Equipment, Services","yes","false","false","yes",47,"yes","no","n/a","no","no",7300,5371,23.8,36.8,"Sivasankaran Somasundaram","U.S.","The Woodlands","TX","www.championx.com","Public","Market value as of March 31, 2023.",3.806e+09,1.55e+08,3.388e+09,5.371e+09
"773",773,"Brinker International","EAT","Hotels, Restaurants & Leisure","Food Services","yes","false","false","yes",6,"yes","no","n/a","no","no",62025,1674,14,-10.6,"Kevin D. Hochman","U.S.","Dallas","TX","www.brinker.com","Public","Figures are for fiscal year ended June 30, 2022. Market value as of March 31, 2023.",3.804e+09,1.18e+08,2.484e+09,1.674e+09
"774",774,"American Water Works","AWK","Energy","Utilities: Gas and Electric","yes","false","true","yes",-72,"no","yes","n/a","no","no",6500,28513,-3.5,-35.1,"M. Susan Hardwick","U.S.","Camden","NJ","www.amwater.com","Public","Market value as of March 31, 2023.",3.792e+09,8.2e+08,2.7787e+10,2.8513e+10
"775",775,"Civitas Resources","CIVI","Energy","Mining, Crude-Oil Production","yes","false","false","yes",NA,"","","n/a","no","no",353,5482,307.4,597.6,"M. Christopher Doyle","U.S.","Denver","CO","www.civitasresources.com","Public","Market value as of March 31, 2023.",3.791e+09,1.248e+09,7.971e+09,5.482e+09
"776",776,"Tutor Perini","TPC","Engineering & Construction","Engineering & Construction","no","false","false","yes",-138,"no","yes","n/a","no","no",8100,318,-18.3,-328.5,"Ronald N. Tutor","U.S.","Sylmar","CA","www.tutorperini.com","Public","Market value as of March 31, 2023.",3.791e+09,2.1e+08,4.543e+09,3.18e+08
"777",777,"Lincoln Electric Holdings","LECO","Industrials","Industrial Machinery","yes","false","false","yes",16,"yes","no","n/a","no","no",12000,9740,16.3,70.8,"Christopher L. Mapes","U.S.","Cleveland","OH","www.lincolnelectric.com","Public","Market value as of March 31, 2023.",3.761e+09,4.72e+08,3.181e+09,9.74e+09
"778",778,"Wynn Resorts","WYNN","Hotels, Restaurants & Leisure","Hotels, Casinos, Resorts","no","false","false","yes",-59,"no","yes","n/a","no","no",27000,12722,-0.2,NA,"Craig S. Billings","U.S.","Las Vegas","NV","www.wynnresorts.com","Public","Market value as of March 31, 2023.",3.757e+09,4.24e+08,1.3415e+10,1.2722e+10
"779",779,"Visteon","VC","Motor Vehicles & Parts","Motor Vehicles & Parts","yes","false","false","no",105,"yes","no","n/a","no","no",10000,4421,35.4,202.4,"Sachin S. Lawande","U.S.","Van Buren Township","MI","www.visteon.com","Public","Market value as of March 31, 2023.",3.756e+09,1.24e+08,2.45e+09,4.421e+09
"780",780,"A.O. Smith","AOS","Industrials","Electronics, Electrical Equip.","yes","false","false","no",-34,"no","yes","n/a","no","no",12000,10436,6.1,-51.6,"Kevin J. Wheeler","U.S.","Milwaukee","WI","www.aosmith.com","Public","Market value as of March 31, 2023.",3.754e+09,2.36e+08,3.332e+09,1.0436e+10
"781",781,"H.B. Fuller","FUL","Chemicals","Chemicals","yes","false","true","yes",6,"yes","no","n/a","no","no",7000,3685,14.4,11.7,"Celeste B. Mastin","U.S.","St. Paul","MN","www.hbfuller.com","Public","Figures are for fiscal year ended Nov. 30, 2022. Market value as of March 31, 2023.",3.749e+09,1.8e+08,4.464e+09,3.685e+09
"782",782,"TransUnion","TRU","Business Services","Financial Data Services","yes","false","false","yes",27,"yes","no","n/a","no","no",12200,12003,19.1,-80.6,"Christopher A. Cartwright","U.S.","Chicago","IL","www.transunion.com","Public","Includes revenues from discontinued operations. Market value as of March 31, 2023.",3.747e+09,2.7e+08,1.1666e+10,1.2003e+10
"783",783,"Ares Management","ARES","Financials","Securities","yes","true","false","yes",-156,"no","yes","n/a","no","no",2550,24760,-21.5,-59,"Michael J. Arougheti","U.S.","Los Angeles","CA","www.aresmgmt.com","Public","Market value as of March 31, 2023.",3.743e+09,1.68e+08,2.2003e+10,2.476e+10
"784",784,"Hawaiian Electric Industries","HE","Energy","Utilities: Gas and Electric","yes","false","false","yes",79,"yes","no","n/a","no","no",3698,4208,31.3,-2,"Scott W.H. Seu","U.S.","Honolulu","HI","www.hei.com","Public","Market value as of March 31, 2023.",3.742e+09,2.41e+08,1.6284e+10,4.208e+09
"785",785,"Comerica","CMA","Financials","Commercial Banks","yes","false","false","yes",40,"yes","no","n/a","no","no",7488,5710,23.7,-1.5,"Curtis C. Farmer","U.S.","Dallas","TX","www.comerica.com","Public","Market value as of March 31, 2023.",3.74e+09,1.151e+09,8.5406e+10,5.71e+09
"786",786,"Align Technology","ALGN","Health Care","Medical Products and Equipment","yes","false","false","yes",-87,"no","yes","n/a","no","no",23165,25641,-5.5,-53.2,"Joseph M. Hogan","U.S.","Tempe","AZ","www.aligntech.com","Public","Market value as of March 31, 2023.",3.735e+09,3.62e+08,5.948e+09,2.5641e+10
"787",787,"Arch Resources","ARCH","Energy","Mining, Crude-Oil Production","yes","false","false","yes",193,"yes","no","n/a","no","no",3404,2463,68.7,294.3,"Paul A. Lang","U.S.","St. Louis","MO","www.archrsc.com","Public","Market value as of March 31, 2023.",3.725e+09,1.331e+09,2.433e+09,2.463e+09
"788",788,"Signature Bank","SBNY","Financials","Commercial Banks","yes","false","false","yes",168,"yes","no","n/a","no","no",2243,12,60.6,45.6,"Joseph J. DePaolo","U.S.","New York","NY","www.signatureny.com","Public","Federal Deposit Insurance Corporation was appointed as receiver of the company, March 12, 2023. Flagstar Bank, subsidiary of New York Community Bancorp acquired loans, deposits, and all branches, which now operated under the Flagstar name, March 20, 2023. Market value as of March 31, 2023.",3.711e+09,1.337e+09,1.10364e+11,1.2e+07
"789",789,"Abercrombie & Fitch","ANF","Retailing","Specialty Retailers: Apparel","yes","false","true","no",-64,"no","yes","n/a","no","no",18400,1366,-0.4,-98.9,"Fran Horowitz","U.S.","New Albany","OH","www.abercrombie.com","Public","Figures are for fiscal year ended Jan. 31, 2023. Market value as of March 31, 2023.",3.698e+09,3e+06,2.713e+09,1.366e+09
"790",790,"MSC Industrial Direct","MSM","Wholesalers","Wholesalers: Diversified","yes","false","false","yes",NA,"","","n/a","no","no",6880,4702,13.8,56.7,"Erik Gershwind","U.S.","Melville","NY","www.mscdirect.com","Public","Figures are for fiscal year ended Aug. 31, 2022. Market value as of March 31, 2023.",3.692e+09,3.4e+08,2.729e+09,4.702e+09
"791",791,"Trimble","TRMB","Technology","Electronics, Electrical Equip.","yes","false","false","no",-57,"no","yes","n/a","no","no",11825,12945,0.5,-8.7,"Robert G. Painter","U.S.","Westminster","CO","www.trimble.com","Public","Market value as of March 31, 2023.",3.676e+09,4.5e+08,7.269e+09,1.2945e+10
"792",792,"Gray Television","GTN","Media","Entertainment","yes","false","false","yes",143,"yes","no","n/a","no","no",9168,809,52.3,405.6,"Patrick D. LaPlatney/Hilton H. Howell Jr.","U.S.","Atlanta","GA","www.gray.tv","Public","Market value as of March 31, 2023.",3.676e+09,4.55e+08,1.1152e+10,8.09e+08
"793",793,"Green Plains","GPRE","Energy","Energy","no","false","false","yes",77,"yes","no","n/a","no","no",902,1844,29.6,NA,"Todd A. Becker","U.S.","Omaha","NE","www.gpreinc.com","Public","Market value as of March 31, 2023.",3.663e+09,1.27e+08,2.123e+09,1.844e+09
"794",794,"Chord Energy","CHRD","Energy","Mining, Crude-Oil Production","yes","false","false","yes",NA,"","","n/a","no","no",531,5604,114.6,480.8,"Daniel E. Brown","U.S.","Houston","TX","www.chordenergy.com","Public","Includes revenues from discontinued operations. Acquired Whiting Petroleum and changed name from Oasis Petroleum, July 1, 2022. Market value as of March 31, 2023.",3.657e+09,1.856e+09,6.631e+09,5.604e+09
"795",795,"Splunk","SPLK","Technology","Computer Software","no","false","false","yes",105,"yes","no","n/a","no","no",8000,15868,36.7,NA,"Gary Steele","U.S.","San Francisco","CA","www.splunk.com","Public","Figures are for fiscal year ended Jan. 31, 2023. Market value as of March 31, 2023.",3.654e+09,2.78e+08,6.344e+09,1.5868e+10
"796",796,"Mercury General","MCY","Financials","Insurance: Property and Casualty (Stock)","no","false","false","no",-103,"no","yes","n/a","no","no",4300,1758,-8.8,-306.8,"Gabriel Tirador","U.S.","Los Angeles","CA","www.mercuryinsurance.com","Public","Market value as of March 31, 2023.",3.643e+09,5.13e+08,6.514e+09,1.758e+09
"797",797,"Ciena","CIEN","Technology","Network and Other Communications Equipment","yes","false","false","yes",-59,"no","yes","n/a","no","no",7998,7834,0.3,-69.4,"Gary B. Smith","U.S.","Hanover","MD","www.ciena.com","Public","Figures are for fiscal year ended Oct. 31, 2022. Market value as of March 31, 2023.",3.633e+09,1.53e+08,5.07e+09,7.834e+09
"798",798,"Comstock Resources","CRK","Energy","Mining, Crude-Oil Production","yes","false","false","yes",NA,"","","n/a","no","no",244,2994,96,NA,"M. Jay Allison","U.S.","Frisco","TX","www.comstockresources.com","Public","Market value as of March 31, 2023.",3.628e+09,1.141e+09,5.694e+09,2.994e+09
"799",799,"Akamai Technologies","AKAM","Technology","Internet Services and Retailing","yes","true","false","yes",-41,"no","yes","n/a","no","no",9811,12239,4.5,-19.6,"F. Thomson Leighton","U.S.","Cambridge","MA","www.akamai.com","Public","Market value as of March 31, 2023.",3.617e+09,5.24e+08,8.303e+09,1.2239e+10
"800",800,"Flowserve","FLS","Industrials","Industrial Machinery","yes","false","false","no",-56,"no","yes","n/a","no","no",16000,4458,2.1,49.8,"R. Scott Rowe","U.S.","Irving","TX","www.flowserve.com","Public","Market value as of March 31, 2023.",3.615e+09,1.89e+08,4.791e+09,4.458e+09
"801",801,"Garrett Motion","GTX","Motor Vehicles & Parts","Motor Vehicles & Parts","yes","false","false","yes",-65,"no","yes","n/a","no","no",8300,497,-0.8,NA,"Olivier Rabiller","U.S.","Plymouth","MI","www.garrettmotion.com","Public","Incorporated in the U.S. and headquartered in Switzerland. Its North American headquarters are in Plymouth, Mich. Net income and earnings per share percent change not available due to emergence from bankruptcy, April 30, 2021. Market value as of March 31, 2023.",3.603e+09,3.9e+08,2.637e+09,4.97e+08
"802",802,"RH","RH","Retailing","Specialty Retailers: Other","yes","false","false","no",-82,"no","yes","n/a","no","no",5820,5369,-4.5,-23.2,"Gary G. Friedman","U.S.","Corte Madera","CA","www.rh.com","Public","Figures are for fiscal year ended Jan. 31, 2023. Market value as of March 31, 2023.",3.591e+09,5.29e+08,5.309e+09,5.369e+09
"803",803,"Peloton Interactive","PTON","Hotels, Restaurants & Leisure","Toys, Sporting Goods","no","false","false","no",-114,"no","yes","n/a","no","no",6122,3924,-10.9,NA,"Barry W. McCarthy","U.S.","New York","NY","www.onepeloton.com","Public","Figures are for fiscal year ended June 30, 2022. Market value as of March 31, 2023.",3.582e+09,2.828e+09,4.029e+09,3.924e+09
"804",804,"ResMed","RMD","Health Care","Medical Products and Equipment","yes","false","false","yes",-2,"no","yes","n/a","no","no",8160,32172,11.9,64.3,"Michael J. Farrell","U.S.","San Diego","CA","www.resmed.com","Public","Figures are for fiscal year ended June 30, 2022. Market value as of March 31, 2023.",3.578e+09,7.79e+08,5.096e+09,3.2172e+10
"805",805,"Grocery Outlet Holding","GO","Food & Drug Stores","Food and Drug Stores","yes","false","false","yes",11,"yes","no","n/a","no","no",917,2761,16.2,4.4,"Robert J. Sheedy Jr.","U.S.","Emeryville","CA","www.groceryoutlet.com","Public","Market value as of March 31, 2023.",3.578e+09,6.5e+07,2.772e+09,2.761e+09
"806",806,"CNO Financial Group","CNO","Financials","Insurance: Life, Health (stock)","yes","false","false","yes",-124,"no","yes","n/a","no","no",3400,2548,-13.2,-10,"Gary C. Bhojwani","U.S.","Carmel","IN","www.cnoinc.com","Public","Market value as of March 31, 2023.",3.577e+09,3.97e+08,3.3339e+10,2.548e+09
"807",807,"Brown & Brown","BRO","Financials","Insurance: Property and Casualty (Stock)","yes","false","false","yes",15,"yes","no","n/a","no","no",15201,16290,17.1,14.4,"J. Powell Brown","U.S.","Daytona Beach","FL","www.bbinsurance.com","Public","Market value as of March 31, 2023.",3.573e+09,6.72e+08,1.3974e+10,1.629e+10
"808",808,"Travel + Leisure","TNL","Hotels, Restaurants & Leisure","Hotels, Casinos, Resorts","yes","false","false","yes",2,"yes","no","n/a","no","no",18200,3040,13.8,15.9,"Michael D. Brown","U.S.","Orlando","FL","www.travelandleisureco.com","Public","Market value as of March 31, 2023.",3.567e+09,3.57e+08,6.757e+09,3.04e+09
"809",809,"Cadence Design Systems","CDNS","Technology","Computer Software","yes","false","false","yes",25,"yes","no","n/a","no","yes",10228,57398,19.2,22,"Anirudh Devgan","U.S.","San Jose","CA","www.cadence.com","Public","Market value as of March 31, 2023.",3.562e+09,8.49e+08,5.137e+09,5.7398e+10
"810",810,"Selective Insurance Group","SIGI","Financials","Insurance: Property and Casualty (Stock)","yes","false","false","yes",-41,"no","yes","n/a","no","no",2520,5767,5.3,-44.3,"John J. Marchioni","U.S.","Branchville","NJ","www.selective.com","Public","Market value as of March 31, 2023.",3.558e+09,2.25e+08,1.0802e+10,5.767e+09
"811",811,"Boyd Gaming","BYD","Hotels, Restaurants & Leisure","Hotels, Casinos, Resorts","yes","false","false","yes",-40,"no","yes","n/a","no","no",15771,6533,5.5,37.8,"Keith E. Smith","U.S.","Las Vegas","NV","www.boydgaming.com","Public","Market value as of March 31, 2023.",3.555e+09,6.39e+08,6.311e+09,6.533e+09
"812",812,"Crocs","CROX","Apparel","Apparel","yes","false","false","yes",142,"yes","no","n/a","no","no",6680,7808,53.7,-25.6,"Andrew Rees","U.S.","Broomfield","CO","www.crocs.com","Public","Market value as of March 31, 2023.",3.555e+09,5.4e+08,4.502e+09,7.808e+09
"813",813,"Hyster-Yale Materials Handling","HY","Industrials","Industrial Machinery","no","false","false","yes",5,"yes","no","n/a","no","no",8200,856,15.4,NA,"Rajiv K. Prasad","U.S.","Cleveland","OH","www.hyster-yale.com","Public","Market value as of March 31, 2023.",3.548e+09,7.4e+07,2.026e+09,8.56e+08
"814",814,"MKS Instruments","MKSI","Technology","Semiconductors and Other Electronic Components","yes","false","false","yes",29,"yes","no","n/a","no","no",10675,5908,20.3,-39.6,"John T.C. Lee","U.S.","Andover","MA","www.mks.com","Public","Market value as of March 31, 2023.",3.547e+09,3.33e+08,1.1495e+10,5.908e+09
"815",815,"Pitney Bowes","PBI","Technology","Computers, Office Equipment","yes","false","false","no",-86,"no","yes","n/a","no","no",11000,682,-3.7,NA,"Marc B. Lautenbach","U.S.","Stamford","CT","www.pitneybowes.com","Public","Market value as of March 31, 2023.",3.538e+09,3.7e+07,4.741e+09,6.82e+08
"816",816,"PDC Energy","PDCE","Energy","Mining, Crude-Oil Production","yes","false","false","yes",NA,"","","n/a","no","no",616,5673,109,240.4,"Barton R. Brookman","U.S.","Denver","CO","www.pdce.com","Public","Excise taxes have been deducted. Market value as of March 31, 2023.",3.534e+09,1.778e+09,7.983e+09,5.673e+09
"817",817,"ScanSource","SCSC","Wholesalers","Wholesalers: Electronics and Office Equipment","yes","true","false","yes",-44,"no","yes","n/a","no","no",2700,772,4.9,722.6,"Michael L. Baur","U.S.","Greenville","SC","www.scansource.com","Public","Figures are for fiscal year ended June 30, 2022. Market value as of March 31, 2023.",3.53e+09,8.9e+07,1.937e+09,7.72e+08
"818",818,"Take-Two Interactive Software","TTWO","Media","Entertainment","yes","false","false","yes",-48,"no","yes","n/a","no","no",7799,20123,3.9,-29,"Strauss H. Zelnick","U.S.","New York","NY","www.take2games.com","Public","Acquired Zynga (2021 rank: 874), May 23, 2022. Figures are for fiscal year ended March 31, 2022. Market value as of March 31, 2023.",3.505e+09,4.18e+08,6.546e+09,2.0123e+10
"819",819,"Tetra Tech","TTEK","Engineering & Construction","Engineering & Construction","yes","false","false","no",-20,"no","yes","n/a","no","no",21000,7820,9,13,"Dan L. Batrack","U.S.","Pasadena","CA","www.tetratech.com","Public","Figures are for fiscal year ended Sept. 30, 2022. Market value as of March 31, 2023.",3.504e+09,2.63e+08,2.623e+09,7.82e+09
"820",820,"Copart","CPRT","Retailing","Automotive Retailing, Services","yes","false","false","yes",78,"yes","no","n/a","no","no",9500,35845,30,16.4,"A. Jayson Adair/Jeffrey Liaw","U.S.","Dallas","TX","www.copart.com","Public","Figures are for fiscal year ended July 31, 2022. Market value as of March 31, 2023.",3.501e+09,1.09e+09,5.309e+09,3.5845e+10
"821",821,"First Horizon","FHN","Financials","Commercial Banks","yes","false","false","no",-27,"no","yes","n/a","no","no",7397,9554,8.2,-9.9,"D. Bryan Jordan","U.S.","Memphis","TN","www.firsthorizon.com","Public","Market value as of March 31, 2023.",3.498e+09,9e+08,7.8953e+10,9.554e+09
"822",822,"Vishay Intertechnology","VSH","Technology","Semiconductors and Other Electronic Components","yes","false","false","yes",-31,"no","yes","n/a","no","no",23900,3169,7.9,43.9,"Joel Smejkal","U.S.","Malvern","PA","www.vishay.com","Public","Market value as of March 31, 2023.",3.497e+09,4.29e+08,3.866e+09,3.169e+09
"823",823,"Medical Mutual of Ohio","","Financials","Insurance: Life, Health (Mutual)","yes","false","false","yes",-75,"no","yes","n/a","no","no",2945,NA,-0.6,-58.7,"Steven C. Glass","U.S.","Cleveland","OH","www.medmutual.com","Private","Market value as of March 31, 2021.",3.493e+09,3.2e+07,2.587e+09,NA
"824",824,"Schnitzer Steel Industries","SCHN","Materials","Metals","yes","false","true","yes",66,"yes","no","n/a","no","no",3471,851,26.4,2.2,"Tamara L. Lundgren","U.S.","Portland","OR","www.schnitzersteel.com","Public","Figures are for fiscal year ended Aug. 31, 2022. Market value as of March 31, 2023.",3.486e+09,1.69e+08,1.827e+09,8.51e+08
"825",825,"Change Healthcare","","Health Care","Health Care: Pharmacy and Other Services","no","false","false","no",-10,"no","yes","n/a","no","no",14000,NA,12.6,NA,"Neil E. de Crescenzo","U.S.","Nashville","TN","www.changehealthcare.com","Private","Acquired by UnitedHealth Group (2022 rank: 5), Oct. 3, 2022. Figures are for fiscal year ended March 31, 2022.",3.481e+09,5.7e+07,9.933e+09,NA
"826",826,"Clover Health Investments","CLOV","Health Care","Health Care: Insurance and Managed Care","no","true","false","no",NA,"","","n/a","no","no",656,405,136.2,NA,"Andrew Toy","U.S.","Franklin","TN","www.cloverhealth.com","Public","Market value as of March 31, 2023.",3.477e+09,3.39e+08,8.09e+08,4.05e+08
"827",827,"Columbia Sportswear","COLM","Apparel","Apparel","yes","false","false","yes",-14,"no","yes","n/a","no","no",9450,5611,10.8,-12,"Timothy P. Boyle","U.S.","Portland","OR","www.columbia.com","Public","Market value as of March 31, 2023.",3.464e+09,3.11e+08,3.052e+09,5.611e+09
"828",828,"H&R Block","HRB","Financials","Diversified Financials","yes","false","false","no",-87,"no","yes","n/a","no","no",36850,5368,-3.5,-19,"Jeffrey J. Jones II","U.S.","Kansas City","MO","www.hrblock.com","Public","Figures are for fiscal year ended June 30, 2022. Market value as of March 31, 2023.",3.463e+09,5.54e+08,3.269e+09,5.368e+09
"829",829,"Diebold Nixdorf","DBD","Technology","Computers, Office Equipment","no","false","false","no",-125,"no","yes","n/a","no","no",21000,96,-11.4,NA,"Octavio Marquez","U.S.","Hudson","OH","www.dieboldnixdorf.com","Public","Market value as of March 31, 2023.",3.461e+09,5.81e+08,3.065e+09,9.6e+07
"830",830,"Kaiser Aluminum","KALU","Materials","Metals","no","false","false","yes",76,"yes","no","n/a","no","no",4000,1190,30.7,NA,"Keith A. Harvey","U.S.","Franklin","TN","www.kaiseraluminum.com","Public","Market value as of March 31, 2023.",3.428e+09,3e+07,2.289e+09,1.19e+09
"831",831,"Fleetcor Technologies","FLT","Business Services","Financial Data Services","yes","false","false","yes",37,"yes","no","n/a","no","no",9900,15496,20.9,13.7,"Ronald F. Clarke","U.S.","Atlanta","GA","www.fleetcor.com","Public","Market value as of March 31, 2023.",3.427e+09,9.54e+08,1.4089e+10,1.5496e+10
"832",832,"Incyte","INCY","Health Care","Pharmaceuticals","yes","false","false","yes",3,"yes","no","n/a","no","no",2324,16114,13.7,-64.1,"Hervé Hoppenot","U.S.","Wilmington","DE","www.incyte.com","Public","Market value as of March 31, 2023.",3.395e+09,3.41e+08,5.841e+09,1.6114e+10
"833",833,"OGE Energy","OGE","Energy","Utilities: Gas and Electric","yes","false","false","yes",-98,"no","yes","n/a","no","no",2237,7543,-7.6,-9.7,"Sean Trauschke","U.S.","Oklahoma City","OK","www.ogeenergy.com","Public","Market value as of March 31, 2023.",3.376e+09,6.66e+08,1.2545e+10,7.543e+09
"834",834,"Crane NXT","CXT","Industrials","Industrial Machinery","yes","false","false","no",-67,"no","yes","n/a","no","no",11000,6405,-1,-7.9,"Aaron W. Saak","U.S.","Stamford","CT","www.cranenxt.com","Public","Spun off Crane Company and changed name from Crane Holdings, April 3, 2023. Market value as of March 31, 2023.",3.375e+09,4.01e+08,4.39e+09,6.405e+09
"835",835,"IDEXX Laboratories","IDXX","Health Care","Medical Products and Equipment","yes","false","false","yes",-37,"no","yes","n/a","no","no",10780,41493,4.7,-8.8,"Jonathan J. Mazelsky","U.S.","Westbrook","ME","www.idexx.com","Public","Market value as of March 31, 2023.",3.367e+09,6.79e+08,2.747e+09,4.1493e+10
"836",836,"Adams Resources & Energy","AE","Energy","Petroleum Refining","yes","false","false","yes",NA,"","","n/a","no","no",882,97,66.3,-70.7,"Kevin J. Roycraft","U.S.","Houston","TX","www.adamsresources.com","Public","Market value as of March 31, 2023.",3.367e+09,4e+06,3.84e+08,9.7e+07
"837",837,"MRC Global","MRC","Energy","Wholesalers: Diversified","yes","false","false","yes",64,"yes","no","n/a","no","no",2800,819,26.1,NA,"Robert J. Saltiel Jr.","U.S.","Houston","TX","www.mrcglobal.com","Public","Market value as of March 31, 2023.",3.363e+09,7.5e+07,1.895e+09,8.19e+08
"838",838,"Popular","BPOP","Financials","Commercial Banks","yes","false","false","yes",50,"yes","no","n/a","no","no",8813,4132,21.6,17.9,"Ignacio Alvarez","U.S.","Hato Rey","PR","www.popular.com","Public","Market value as of March 31, 2023.",3.363e+09,1.103e+09,6.7638e+10,4.132e+09
"839",839,"Euronet Worldwide","EEFT","Business Services","Financial Data Services","yes","false","false","yes",-8,"no","yes","n/a","no","no",9500,5576,12.1,226.6,"Michael J. Brown","U.S.","Leawood","KS","www.euronetworldwide.com","Public","Market value as of March 31, 2023.",3.359e+09,2.31e+08,5.404e+09,5.576e+09
"840",840,"SM Energy","SM","Energy","Mining, Crude-Oil Production","yes","false","false","yes",65,"yes","no","n/a","no","no",539,3394,28.1,2969.2,"Herbert S. Vogel","U.S.","Denver","CO","www.sm-energy.com","Public","Market value as of March 31, 2023.",3.359e+09,1.112e+09,5.716e+09,3.394e+09
"841",841,"EnerSys","ENS","Industrials","Electronics, Electrical Equip.","yes","false","false","no",-3,"no","yes","n/a","no","no",11400,3549,12.7,0.4,"David M. Shaffer","U.S.","Reading","PA","www.enersys.com","Public","Figures are for fiscal year ended March 31, 2022. Market value as of March 31, 2023.",3.357e+09,1.44e+08,3.737e+09,3.549e+09
"842",842,"Realty Income","O","Financials","Real estate","yes","false","false","yes",NA,"","","n/a","no","no",393,41825,60.7,141.9,"Sumit Roy","U.S.","San Diego","CA","www.realtyincome.com","Public","A real estate investment trust. Market value as of March 31, 2023.",3.344e+09,8.69e+08,4.9673e+10,4.1825e+10
"843",843,"Dream Finders Homes","DFH","Engineering & Construction","Homebuilders","yes","true","false","no",NA,"","","n/a","no","no",1170,1232,73.7,116.6,"Patrick O. Zalupski","U.S.","Jacksonville","FL","www.dreamfindershomes.com","Public","Market value as of March 31, 2023.",3.342e+09,2.62e+08,2.371e+09,1.232e+09
"844",844,"Central Garden & Pet","CENT","Household Products","Household and Personal Products","yes","false","false","no",-59,"no","yes","n/a","no","no",6700,2134,1.1,0.3,"Timothy P. Cofer","U.S.","Walnut Creek","CA","www.central.com","Public","Figures are for fiscal year ended Sept. 30, 2022. Market value as of March 31, 2023.",3.339e+09,1.52e+08,3.282e+09,2.134e+09
"845",845,"Zions Bancorp.","ZION","Financials","Commercial Banks","yes","false","false","yes",-4,"no","yes","n/a","no","no",9989,4433,12.4,-19.7,"Harris H. Simmons","U.S.","Salt Lake City","UT","www.zionsbancorporation.com","Public","Market value as of March 31, 2023.",3.337e+09,9.07e+08,8.9545e+10,4.433e+09
"846",846,"Frontier Group Holdings","ULCC","Transportation","Airlines","no","false","false","yes",NA,"","","n/a","no","no",6450,2146,61.5,NA,"Barry L. Biffle","U.S.","Denver","CO","www.flyfrontier.com","Public","Market value as of March 31, 2023.",3.326e+09,3.7e+07,4.499e+09,2.146e+09
"847",847,"AptarGroup","ATR","Materials","Packaging, Containers","yes","false","false","yes",-51,"no","yes","n/a","no","no",13500,7728,2.9,-2,"Stephan B. Tanda","U.S.","Crystal Lake","IL","www.aptar.com","Public","Market value as of March 31, 2023.",3.322e+09,2.39e+08,4.204e+09,7.728e+09
"848",848,"Coherent","COHR","Technology","Semiconductors and Other Electronic Components","yes","false","false","yes",-34,"no","yes","n/a","no","no",23658,5292,6.8,-21.1,"Vincent D. Mattera Jr.","U.S.","Saxonburg","PA","www.ii-vi.com","Public","Changed name from II-VI, July 1, 2022. Figures are for fiscal year ended June 30, 2022. Market value as of March 31, 2023.",3.317e+09,2.35e+08,7.845e+09,5.292e+09
"849",849,"Designer Brands","DBI","Retailing","Specialty Retailers: Apparel","yes","false","false","yes",-46,"no","yes","n/a","no","no",14000,556,3.7,5.3,"Douglas M. Howe","U.S.","Columbus","OH","www.designerbrands.com","Public","Figures are for fiscal year ended Jan. 31, 2023. Market value as of March 31, 2023.",3.315e+09,1.63e+08,2.01e+09,5.56e+08
"850",850,"Cooper Cos.","COO","Health Care","Medical Products and Equipment","yes","false","false","yes",1,"yes","no","n/a","no","no",14000,18465,13.2,-86.9,"Albert G. White III","U.S.","San Ramon","CA","www.coopercos.com","Public","Figures are for fiscal year ended Oct. 31, 2022. Market value as of March 31, 2023.",3.308e+09,3.86e+08,1.1492e+10,1.8465e+10
"851",851,"Donaldson","DCI","Industrials","Industrial Machinery","yes","false","false","yes",10,"yes","no","n/a","no","no",14000,7924,15.9,16,"Tod E. Carpenter","U.S.","Minneapolis","MN","www.donaldson.com","Public","Figures are for fiscal year ended July 31, 2022. Market value as of March 31, 2023.",3.307e+09,3.33e+08,2.6e+09,7.924e+09
"852",852,"Cheesecake Factory","CAKE","Hotels, Restaurants & Leisure","Food Services","yes","false","false","yes",-4,"no","yes","n/a","no","yes",47500,1810,12.8,-40.4,"David M. Overton","U.S.","Calabasas Hills","CA","www.thecheesecakefactory.com","Public","Market value as of March 31, 2023.",3.303e+09,4.3e+07,2.775e+09,1.81e+09
"853",853,"Granite Construction","GVA","Engineering & Construction","Engineering & Construction","yes","false","false","yes",-104,"no","yes","n/a","no","no",3800,1797,-5.7,725.1,"Kyle T. Larkin","U.S.","Watsonville","CA","www.graniteconstruction.com","Public","Market value as of March 31, 2023.",3.301e+09,8.3e+07,2.168e+09,1.797e+09
"854",854,"Werner Enterprises","WERN","Transportation","Trucking, Truck Leasing","yes","false","false","yes",38,"yes","no","n/a","no","no",14300,2877,20.3,-6.9,"Derek J. Leathers","U.S.","Omaha","NE","www.werner.com","Public","Market value as of March 31, 2023.",3.29e+09,2.41e+08,3.097e+09,2.877e+09
"855",855,"Entegris","ENTG","Technology","Semiconductors and Other Electronic Components","yes","false","false","yes",104,"yes","no","n/a","no","no",10000,12276,42.8,-48.9,"Bertrand Loy","U.S.","Billerica","MA","www.entegris.com","Public","Market value as of March 31, 2023.",3.282e+09,2.09e+08,1.0139e+10,1.2276e+10
"856",856,"TEGNA","TGNA","Media","Entertainment","yes","false","false","yes",-24,"no","yes","n/a","no","no",6300,3780,9.6,32.2,"David T. Lougee","U.S.","Tysons","VA","www.tegna.com","Public","Market value as of March 31, 2023.",3.279e+09,6.31e+08,7.329e+09,3.78e+09
"857",857,"Annaly Capital Management","NLY","Financials","Diversified Financials","yes","false","false","no",10,"yes","no","n/a","no","no",161,9438,15.3,-27.8,"David L. Finkelstein","U.S.","New York","NY","www.annaly.com","Public","A real estate investment trust. Market value as of March 31, 2023.",3.27e+09,1.725e+09,8.1851e+10,9.438e+09
"858",858,"Cracker Barrel Old Country Store","CBRL","Hotels, Restaurants & Leisure","Food Services","yes","false","true","yes",13,"yes","no","n/a","no","no",73000,2516,15.8,-48.2,"Sandra B. Cochran","U.S.","Lebanon","TN","www.crackerbarrel.com","Public","Figures are for fiscal year ended July 31, 2022. Market value as of March 31, 2023.",3.268e+09,1.32e+08,2.295e+09,2.516e+09
"859",859,"QuidelOrtho","QDEL","Health Care","Medical Products and Equipment","yes","false","false","yes",NA,"","","n/a","no","no",7000,5925,92.3,-22.1,"Douglas C. Bryant","U.S.","San Diego","CA","www.quidelortho.com","Public","Acquired Ortho, reorganized as a holding company, and changed name from Quidel, May 27, 2022. Market value as of March 31, 2023.",3.266e+09,5.49e+08,8.856e+09,5.925e+09
"860",860,"Western Midstream Partners","WES","Energy","Pipelines","yes","false","false","yes",-2,"no","yes","n/a","no","no",1217,10150,13,32.8,"Michael P. Ure","U.S.","The Woodlands","TX","www.westernmidstream.com","Public","A partnership. Market value as of March 31, 2023.",3.252e+09,1.217e+09,1.1272e+10,1.015e+10
"861",861,"Magellan Midstream Partners","MMP","Energy","Pipelines","yes","false","false","no",-2,"no","yes","n/a","no","no",1655,11031,13.3,5.5,"Aaron L. Milford","U.S.","Tulsa","OK","www.magellanlp.com","Public","Includes revenues from discontinued operations. A partnership. Market value as of March 31, 2023.",3.252e+09,1.036e+09,7.708e+09,1.1031e+10
"862",862,"WeWork","WE","Financials","Real estate","no","false","false","no",52,"yes","no","n/a","no","no",4300,568,26.3,NA,"David Tolley","U.S.","New York","NY","www.wework.com","Public","Market value as of March 31, 2023.",3.245e+09,2.034e+09,1.7863e+10,5.68e+08
"863",863,"NexTier Oilfield Solutions","NEX","Energy","Oil and Gas Equipment, Services","yes","false","false","yes",NA,"","","n/a","no","no",4302,1858,128,NA,"Robert W. Drummond","U.S.","Houston","TX","www.nextierofs.com","Public","Market value as of March 31, 2023.",3.245e+09,3.15e+08,1.727e+09,1.858e+09
"864",864,"Callon Petroleum","CPE","Energy","Mining, Crude-Oil Production","yes","false","false","yes",NA,"","","n/a","no","no",354,2061,58,231.3,"Joseph C. Gatto Jr.","U.S.","Houston","TX","www.callon.com","Public","Market value as of March 31, 2023.",3.231e+09,1.21e+09,6.146e+09,2.061e+09
"865",865,"G-III Apparel Group","GIII","Apparel","Apparel","no","false","false","yes",20,"yes","no","n/a","no","no",4150,723,16.6,-166.3,"Morris Goldfarb","U.S.","New York","NY","www.giii.com","Public","Figures are for fiscal year ended Jan. 31, 2023. Market value as of March 31, 2023.",3.227e+09,1.33e+08,2.712e+09,7.23e+08
"866",866,"Quad/Graphics","QUAD","Media","Publishing, Printing","yes","false","false","yes",-24,"no","yes","n/a","no","no",15300,229,8.7,-75.4,"J. Joel Quadracci","U.S.","Sussex","WI","www.quad.com","Public","Market value as of March 31, 2023.",3.217e+09,9e+06,1.702e+09,2.29e+08
"867",867,"Carter's","CRI","Apparel","Apparel","yes","false","false","no",-113,"no","yes","n/a","no","no",15500,2708,-7.9,-26.4,"Michael D. Casey","U.S.","Atlanta","GA","www.carters.com","Public","Market value as of March 31, 2023.",3.213e+09,2.5e+08,2.44e+09,2.708e+09
"868",868,"Coinbase Global","COIN","Financials","Securities","no","true","false","yes",-431,"no","yes","n/a","no","no",4510,15641,-59.3,-172.4,"Brian Armstrong","U.S.","Wilmington","DE","www.coinbase.com","Public","A remote-first company since 2020, it has no principal executive office. Market value as of March 31, 2023.",3.194e+09,2.625e+09,8.9725e+10,1.5641e+10
"869",869,"Match Group","MTCH","Technology","Internet Services and Retailing","yes","false","false","yes",-33,"no","yes","n/a","no","no",2710,10723,6.9,30.3,"Bernard Kim","U.S.","Dallas","TX","www.mtch.com","Public","Market value as of March 31, 2023.",3.189e+09,3.62e+08,4.183e+09,1.0723e+10
"870",870,"Vontier","VNT","Technology","Electronics, Electrical Equip.","yes","false","false","no",-37,"no","yes","n/a","no","no",8100,4244,6.5,-2.8,"Mark D. Morelli","U.S.","Raleigh","NC","www.vontier.com","Public","Market value as of March 31, 2023.",3.184e+09,4.01e+08,4.343e+09,4.244e+09
"871",871,"IDEX","IEX","Industrials","Industrial Machinery","yes","false","false","yes",16,"yes","no","n/a","no","no",8868,17447,15.1,30.6,"Eric D. Ashleman","U.S.","Northbrook","IL","www.idexcorp.com","Public","Market value as of March 31, 2023.",3.182e+09,5.87e+08,5.512e+09,1.7447e+10
"872",872,"Teradyne","TER","Technology","Semiconductors and Other Electronic Components","yes","false","false","yes",-146,"no","yes","n/a","no","no",6500,16745,-14.8,-29.5,"Gregory S. Smith","U.S.","North Reading","MA","www.teradyne.com","Public","Market value as of March 31, 2023.",3.155e+09,7.16e+08,3.501e+09,1.6745e+10
"873",873,"Deckers Outdoor","DECK","Apparel","Apparel","yes","false","false","yes",45,"yes","no","n/a","no","no",4000,11850,23.8,18.1,"David Powers","U.S.","Goleta","CA","www.deckers.com","Public","Figures are for fiscal year ended March 31, 2022. Market value as of March 31, 2023.",3.15e+09,4.52e+08,2.332e+09,1.185e+10
"874",874,"Alight","ALIT","Business Services","Diversified Outsourcing Services","no","false","false","yes",-21,"no","yes","n/a","no","no",18000,5132,7.4,NA,"Stephan D. Scholl","U.S.","Lincolnshire","IL","www.alight.com","Public","Market value as of March 31, 2023.",3.132e+09,6.2e+07,1.1235e+10,5.132e+09
"875",875,"Roku","ROKU","Media","Entertainment","no","true","false","yes",14,"yes","no","n/a","no","no",3600,9222,13.1,-305.5,"Anthony J. Wood","U.S.","San Jose","CA","www.roku.com","Public","Market value as of March 31, 2023.",3.127e+09,4.98e+08,4.413e+09,9.222e+09
"876",876,"PC Connection","CNXN","Wholesalers","Wholesalers: Electronics and Office Equipment","yes","false","false","yes",-21,"no","yes","n/a","no","no",2685,1183,8,27.6,"Timothy J. McGrath","U.S.","Merrimack","NH","www.connection.com","Public","Market value as of March 31, 2023.",3.125e+09,8.9e+07,1.1e+09,1.183e+09
"877",877,"Rackspace Technology","RXT","Technology","Internet Services and Retailing","no","false","false","yes",-49,"no","yes","n/a","no","no",6800,400,3.7,NA,"Amar Maletira","U.S.","San Antonio","TX","www.rackspace.com","Public","Market value as of March 31, 2023.",3.122e+09,8.05e+08,5.457e+09,4e+08
"878",878,"Boston Properties","BXP","Financials","Real estate","yes","false","false","yes",-21,"no","yes","n/a","no","no",780,8487,7.6,68,"Owen D. Thomas","U.S.","Boston","MA","www.bxp.com","Public","A real estate investment trust. Market value as of March 31, 2023.",3.109e+09,8.49e+08,2.4208e+10,8.487e+09
"879",879,"AMC Networks","AMCX","Media","Entertainment","yes","false","true","yes",-62,"no","yes","n/a","no","no",1948,756,0.6,-97,"Kristin A. Dolan","U.S.","New York","NY","www.amcnetworks.com","Public","Market value as of March 31, 2023.",3.097e+09,8e+06,5.634e+09,7.56e+08
"880",880,"Five Below","FIVE","Retailing","Specialty Retailers: Other","yes","false","false","yes",-16,"no","yes","n/a","no","no",14200,11463,8,-6.2,"Joel D. Anderson","U.S.","Philadelphia","PA","www.fivebelow.com","Public","Figures are for fiscal year ended Jan. 31, 2023. Market value as of March 31, 2023.",3.076e+09,2.62e+08,3.325e+09,1.1463e+10
"881",881,"Stewart Information Services","STC","Financials","Insurance: Property and Casualty (Stock)","yes","false","false","no",-97,"no","yes","n/a","no","no",7100,1097,-7.2,-49.8,"Frederick H. Eppinger","U.S.","Houston","TX","www.stewart.com","Public","Market value as of March 31, 2023.",3.069e+09,1.62e+08,2.738e+09,1.097e+09
"882",882,"Matador Resources","MTDR","Energy","Mining, Crude-Oil Production","yes","true","false","yes",NA,"","","n/a","no","no",360,5674,83.9,107.6,"Joseph Wm. Foran","U.S.","Dallas","TX","www.matadorresources.com","Public","Market value as of March 31, 2023.",3.058e+09,1.214e+09,5.555e+09,5.674e+09
"883",883,"Crescent Energy","CRGY","Energy","Mining, Crude-Oil Production","yes","false","false","yes",NA,"","","n/a","no","no",870,1888,107,NA,"David C. Rockecharlie","U.S.","Houston","TX","www.crescentenergyco.com","Public","Market value as of March 31, 2023.",3.057e+09,9.7e+07,6.02e+09,1.888e+09
"884",884,"Energizer Holdings","ENR","Household Products","Household and Personal Products","no","false","false","no",-58,"no","yes","n/a","no","no",5500,2479,0.9,-243.9,"Mark S. LaVigne","U.S.","St. Louis","MO","www.energizerholdings.com","Public","Figures are for fiscal year ended Sept. 30, 2022. Market value as of March 31, 2023.",3.05e+09,2.32e+08,4.572e+09,2.479e+09
"885",885,"Vista Outdoor","VSTO","Business Services","Miscellaneous","yes","false","false","yes",90,"yes","no","n/a","no","no",6900,1568,36.8,77.9,"Gary L. McArthur","U.S.","Anoka","MN","www.vistaoutdoor.com","Public","Figures are for fiscal year ended March 31, 2022. Market value as of March 31, 2023.",3.045e+09,4.73e+08,2.396e+09,1.568e+09
"886",886,"Moog","MOGA","Aerospace & Defense","Aerospace & Defense","yes","false","false","no",-24,"no","yes","n/a","no","no",14000,3203,6.4,-1.3,"Patrick J. Roche","U.S.","East Aurora","NY","www.moog.com","Public","Figures are for fiscal year ended Sept. 30, 2022. Market value as of March 31, 2023.",3.036e+09,1.55e+08,3.432e+09,3.203e+09
"887",887,"Verisk Analytics","VRSK","Business Services","Financial Data Services","yes","false","false","no",-58,"no","yes","n/a","no","no",7000,29680,1.2,43.2,"Lee M. Shavel","U.S.","Jersey City","NJ","www.verisk.com","Public","Includes revenues from discontinued operations. Market value as of March 31, 2023.",3.034e+09,9.54e+08,6.961e+09,2.968e+10
"888",888,"FTI Consulting","FCN","Business Services","Diversified Outsourcing Services","yes","false","false","yes",-6,"no","yes","n/a","no","no",7635,6695,9.1,0.2,"Steven H. Gunby","U.S.","Washington","DC","www.fticonsulting.com","Public","Market value as of March 31, 2023.",3.029e+09,2.36e+08,3.241e+09,6.695e+09
"889",889,"Ensign Group","ENSG","Health Care","Health Care: Medical Facilities","yes","false","false","yes",15,"yes","no","n/a","no","no",29900,5338,15.1,15.4,"Barry R. Port","U.S.","San Juan Capistrano","CA","www.ensigngroup.net","Public","Market value as of March 31, 2023.",3.026e+09,2.25e+08,3.452e+09,5.338e+09
"890",890,"Encore Wire","WIRE","Industrials","Electronics, Electrical Equip.","yes","false","false","yes",20,"yes","no","n/a","no","no",1672,3329,16.4,32.6,"Daniel L. Jones","U.S.","McKinney","TX","www.encorewire.com","Public","Market value as of March 31, 2023.",3.018e+09,7.18e+08,2.019e+09,3.329e+09
"891",891,"Western Alliance Bancorp.","WAL","Financials","Commercial Banks","yes","false","false","yes",NA,"","","n/a","no","no",3365,3896,46.2,17.6,"Kenneth A. Vecchione","U.S.","Phoenix","AZ","www.westernalliancebancorporation.com","Public","Market value as of March 31, 2023.",3.016e+09,1.057e+09,6.7734e+10,3.896e+09
"892",892,"Griffon","GFF","Materials","Building Materials, Glass","no","false","false","no",27,"yes","no","n/a","no","no",6200,1831,18.4,-341.8,"Ronald J. Kramer","U.S.","New York","NY","www.griffon.com","Public","Includes revenues from discontinued operations. Figures are for fiscal year ended Sept. 30, 2022. Market value as of March 31, 2023.",3.01e+09,1.92e+08,2.817e+09,1.831e+09
"893",893,"MYR Group","MYRG","Engineering & Construction","Engineering & Construction","yes","false","false","yes",29,"yes","no","n/a","no","no",8500,2100,20.4,-1.9,"Richard S. Swartz","U.S.","Thornton","CO","www.myrgroup.com","Public","Market value as of March 31, 2023.",3.009e+09,8.3e+07,1.399e+09,2.1e+09
"894",894,"SkyWest","SKYW","Transportation","Airlines","yes","false","false","no",NA,"","","n/a","no","no",12717,1082,10.7,-34.8,"Russell A. Childs","U.S.","St. George","UT","www.skywest.com","Public","Market value as of March 31, 2023.",3.005e+09,7.3e+07,7.415e+09,1.082e+09
"895",895,"ITT","ITT","Industrials","Industrial Machinery","yes","false","false","yes",-9,"no","yes","n/a","no","no",10300,7146,8.1,16,"Luca Savi","U.S.","Stamford","CT","www.itt.com","Public","Market value as of March 31, 2023.",2.988e+09,3.67e+08,3.78e+09,7.146e+09
"896",896,"Greenbrier","GBX","Transportation","Transportation Equipment","yes","false","true","yes",NA,"","","n/a","no","no",14400,1055,70.4,44.4,"Lorie L. Tekorius","U.S.","Lake Oswego","OR","www.gbrx.com","Public","Figures are for fiscal year ended Aug. 31, 2022. Market value as of March 31, 2023.",2.978e+09,4.7e+07,3.852e+09,1.055e+09
"897",897,"Waters","WAT","Technology","Scientific, Photographic and Control Equipment","yes","false","false","yes",-20,"no","yes","n/a","no","no",8200,18251,6.7,2.2,"Udit Batra","U.S.","Milford","MA","www.waters.com","Public","Market value as of March 31, 2023.",2.972e+09,7.08e+08,3.282e+09,1.8251e+10
"898",898,"AdaptHealth","AHCO","Health Care","Wholesalers: Health Care","yes","false","false","yes",28,"yes","no","n/a","no","no",10900,1684,20.5,-55.6,"Crispin Teufel","U.S.","Plymouth Meeting","PA","www.adapthealth.com","Public","Market value as of March 31, 2023.",2.971e+09,6.9e+07,5.22e+09,1.684e+09
"899",899,"Sun Communities","SUI","Financials","Real estate","yes","false","false","yes",65,"yes","no","n/a","no","no",7397,17531,30.7,-36.3,"Gary A. Shiffman","U.S.","Southfield","MI","www.suncommunities.com","Public","A real estate investment trust. Market value as of March 31, 2023.",2.97e+09,2.42e+08,1.7084e+10,1.7531e+10
"900",900,"Caleres","CAL","Retailing","Specialty Retailers: Apparel","yes","false","false","yes",-19,"no","yes","n/a","no","no",7300,771,6.9,32.6,"John W. Schmidt","U.S.","St. Louis","MO","www.caleres.com","Public","Figures are for fiscal year ended Jan. 31, 2023. Market value as of March 31, 2023.",2.968e+09,1.82e+08,1.837e+09,7.71e+08
"901",901,"Gannett","GCI","Media","Publishing, Printing","no","false","false","no",-100,"no","yes","n/a","no","no",14200,273,-8.2,NA,"Michael E. Reed","U.S.","McLean","VA","www.gannett.com","Public","Market value as of March 31, 2023.",2.945e+09,7.8e+07,2.394e+09,2.73e+08
"902",902,"Hillenbrand","HI","Industrials","Industrial Machinery","yes","false","true","yes",-42,"no","yes","n/a","no","no",11000,3298,2.7,-16.4,"Kimberly K. Ryan","U.S.","Batesville","IN","www.hillenbrand.com","Public","Figures are for fiscal year ended Sept. 30, 2022. Market value as of March 31, 2023.",2.941e+09,2.09e+08,3.868e+09,3.298e+09
"903",903,"Hovnanian Enterprises","HOV","Engineering & Construction","Homebuilders","yes","false","false","yes",-24,"no","yes","n/a","no","no",1866,407,5,-62.9,"Ara K. Hovnanian","U.S.","Matawan","NJ","www.khov.com","Public","Figures are for fiscal year ended Oct. 31, 2022. Market value as of March 31, 2023.",2.922e+09,2.26e+08,2.562e+09,4.07e+08
"904",904,"Americold Realty Trust","COLD","Financials","Real estate","no","false","false","no",-11,"no","yes","n/a","no","no",15329,7684,7.4,NA,"George F. Chappelle Jr.","U.S.","Atlanta","GA","www.americold.com","Public","A real estate investment trust. Market value as of March 31, 2023.",2.915e+09,1.9e+07,8.105e+09,7.684e+09
"905",905,"DexCom","DXCM","Health Care","Medical Products and Equipment","yes","false","false","yes",24,"yes","no","n/a","no","no",7550,44894,18.8,120.6,"Kevin R. Sayer","U.S.","San Diego","CA","www.dexcom.com","Public","Market value as of March 31, 2023.",2.91e+09,3.41e+08,5.392e+09,4.4894e+10
"906",906,"New Jersey Resources","NJR","Energy","Utilities: Gas and Electric","yes","false","false","yes",83,"yes","no","n/a","no","no",1288,5154,34.7,133.2,"Jim Abrahamson","U.S.","Wall","NJ","www.njresources.com","Public","Figures are for fiscal year ended Sept. 30, 2022. Market value as of March 31, 2023.",2.906e+09,2.75e+08,6.261e+09,5.154e+09
"907",907,"V2X","VVX","Aerospace & Defense","Aerospace & Defense","no","false","false","yes",NA,"","","n/a","no","no",15400,1232,62.1,-131.3,"Charles L. Prow","U.S.","McLean","VA","www.gov2x.com","Public","Acquired Vertex Cos. and changed name from Vectrus, July 5, 2022. Market value as of March 31, 2023.",2.891e+09,1.4e+07,3.233e+09,1.232e+09
"908",908,"West Pharmaceutical Services","WST","Health Care","Medical Products and Equipment","yes","false","false","yes",-39,"no","yes","n/a","no","no",10700,25732,2,-11.5,"Eric M. Green","U.S.","Exton","PA","www.westpharma.com","Public","Market value as of March 31, 2023.",2.887e+09,5.86e+08,3.617e+09,2.5732e+10
"909",909,"Benchmark Electronics","BHE","Technology","Semiconductors and Other Electronic Components","yes","false","false","yes",59,"yes","no","n/a","no","no",11873,834,28,90.7,"Jeffrey W. Benck","U.S.","Tempe","AZ","www.bench.com","Public","Market value as of March 31, 2023.",2.886e+09,6.8e+07,2.227e+09,8.34e+08
"910",910,"Light & Wonder","LNW","Hotels, Restaurants & Leisure","Hotels, Casinos, Resorts","yes","false","false","yes",-128,"no","yes","n/a","no","no",6100,5465,-12.9,890.6,"Matthew R. Wilson","U.S.","Las Vegas","NV","www.lnw.com","Public","Includes revenues from discontinued operations. Market value as of March 31, 2023.",2.883e+09,3.675e+09,6.009e+09,5.465e+09
"911",911,"Vertex Energy","VTNR","Energy","Petroleum Refining","no","true","false","yes",NA,"","","n/a","no","no",497,748,981.6,NA,"Benjamin P. Cowart","U.S.","Houston","TX","www.vertexenergy.com","Public","Includes revenues from discontinued operations. Market value as of March 31, 2023.",2.877e+09,5e+06,6.89e+08,7.48e+08
"912",912,"Federated Mutual Insurance","","Financials","Insurance: Property and Casualty (Mutual)","yes","false","false","yes",-5,"no","yes","n/a","no","no",2786,NA,9.4,27.5,"Michael G. Kerr","U.S.","Owatonna","MN","www.federatedinsurance.com","Private","Market value as of March 31, 2021.",2.858e+09,4.08e+08,1.1218e+10,NA
"913",913,"Brookdale Senior Living","BKD","Health Care","Health Care: Medical Facilities","no","false","true","yes",-22,"no","yes","n/a","no","no",30600,552,2.4,NA,"Lucinda M. Baier","U.S.","Brentwood","TN","www.brookdale.com","Public","Market value as of March 31, 2023.",2.825e+09,2.38e+08,5.937e+09,5.52e+08
"914",914,"AppLovin","APP","Technology","Computer Software","no","true","false","yes",-38,"no","yes","n/a","no","no",1691,5928,0.9,-643.8,"Adam Foroughi","U.S.","Palo Alto","CA","www.applovin.com","Public","Market value as of March 31, 2023.",2.817e+09,1.93e+08,5.848e+09,5.928e+09
"915",915,"Cross Country Healthcare","CCRN","Health Care","Health Care: Pharmacy and Other Services","yes","false","false","yes",NA,"","","n/a","no","no",2700,822,67.4,42.8,"John R. Martins","U.S.","Boca Raton","FL","www.crosscountry.com","Public","Market value as of March 31, 2023.",2.807e+09,1.89e+08,9.48e+08,8.22e+08
"916",916,"Atlassian","TEAM","Technology","Computer Software","no","true","false","yes",NA,"","","n/a","no","yes",8813,43869,34.2,NA,"Michael Cannon-Brookes/Scott Farquhar","U.S.","San Francisco","CA","www.atlassian.com","Public","Completed the U.S. Domestication to change its publicly traded parent company from a company incorporated under the laws of England and Wales to a Delaware corporation, Sept. 30, 2022. Figures are for fiscal year ended June 30, 2022. Market value as of March 31, 2023.",2.803e+09,6.14e+08,3.361e+09,4.3869e+10
"917",917,"Pinterest","PINS","Technology","Internet Services and Retailing","no","false","false","yes",-4,"no","yes","n/a","no","no",3987,18649,8.7,-130.4,"William J. Ready","U.S.","San Francisco","CA","investor.pinterestinc.com","Public","Market value as of March 31, 2023.",2.803e+09,9.6e+07,3.863e+09,1.8649e+10
"918",918,"Bio-Rad Laboratories","BIO","Technology","Scientific, Photographic and Control Equipment","no","false","false","yes",-68,"no","yes","n/a","no","no",8200,14101,-4.1,-185.3,"Norman D. Schwartz","U.S.","Hercules","CA","www.bio-rad.com","Public","Market value as of March 31, 2023.",2.802e+09,3.628e+09,1.3502e+10,1.4101e+10
"919",919,"Gen Digital","GEN","Technology","Computer Software","yes","false","false","no",-2,"no","yes","n/a","no","no",2700,10968,9.6,50.9,"Vincent Pilette","U.S.","Tempe","AZ","www.gendigital.com","Public","Changed name from NortonLifeLock, Nov. 7, 2022. Figures are for fiscal year ended March 31, 2022. Market value as of March 31, 2023.",2.796e+09,8.36e+08,6.943e+09,1.0968e+10
"920",920,"Saia","SAIA","Transportation","Trucking, Truck Leasing","yes","false","false","yes",41,"yes","no","n/a","no","no",12300,7218,22,41.1,"Frederick J. Holzgrefe III","U.S.","Johns Creek","GA","www.saia.com","Public","Market value as of March 31, 2023.",2.792e+09,3.57e+08,2.175e+09,7.218e+09
"921",921,"Teleflex","TFX","Health Care","Medical Products and Equipment","yes","false","false","yes",-48,"no","yes","n/a","no","no",15500,11897,-0.7,-25.2,"Liam J. Kelly","U.S.","Wayne","PA","www.teleflex.com","Public","Market value as of March 31, 2023.",2.791e+09,3.63e+08,6.928e+09,1.1897e+10
"922",922,"Genesis Energy","GEL","Energy","Pipelines","yes","false","false","yes",72,"yes","no","n/a","no","no",2099,1380,31.2,NA,"Grant E. Sims","U.S.","Houston","TX","www.genesisenergy.com","Public","A partnership. Market value as of March 31, 2023.",2.789e+09,7.6e+07,6.366e+09,1.38e+09
"923",923,"Viasat","VSAT","Technology","Network and Other Communications Equipment","no","true","false","yes",44,"yes","no","n/a","no","no",7000,2585,23.6,-520.9,"Mark D. Dankberg","U.S.","Carlsbad","CA","www.viasat.com","Public","Figures are for fiscal year ended March 31, 2022. Market value as of March 31, 2023.",2.788e+09,1.6e+07,6.389e+09,2.585e+09
"924",924,"Kirby","KEX","Transportation","Shipping","yes","false","false","yes",47,"yes","no","n/a","no","no",5200,4183,24,NA,"David W. Grzebinski","U.S.","Houston","TX","www.kirbycorp.com","Public","Market value as of March 31, 2023.",2.785e+09,1.22e+08,5.555e+09,4.183e+09
"925",925,"Evercore","EVR","Financials","Securities","yes","false","false","yes",-142,"no","yes","n/a","no","no",2109,4454,-16,-35.6,"John S. Weinberg","U.S.","New York","NY","www.evercore.com","Public","Market value as of March 31, 2023.",2.779e+09,4.77e+08,3.621e+09,4.454e+09
"926",926,"Century Aluminum","CENX","Materials","Metals","no","false","false","no",53,"yes","no","n/a","no","no",1956,923,25.5,NA,"Jesse E. Gary","U.S.","Chicago","IL","www.centuryaluminum.com","Public","Market value as of March 31, 2023.",2.777e+09,1.4e+07,1.472e+09,9.23e+08
"927",927,"BrightView Holdings","BV","Business Services","Diversified Outsourcing Services","yes","false","false","yes",-11,"no","yes","n/a","no","no",21700,526,8.7,-69.8,"Andrew V. Masterman","U.S.","Blue Bell","PA","www.brightview.com","Public","Figures are for fiscal year ended Sept. 30, 2022. Market value as of March 31, 2023.",2.775e+09,1.4e+07,3.306e+09,5.26e+08
"928",928,"Stepan","SCL","Chemicals","Chemicals","yes","false","false","yes",21,"yes","no","n/a","no","no",2453,2298,18.2,6.8,"Scott R. Behrens","U.S.","Northbrook","IL","www.stepan.com","Public","Market value as of March 31, 2023.",2.773e+09,1.47e+08,2.433e+09,2.298e+09
"929",929,"Steelcase","SCS","Household Products","Home Equipment, Furnishings","yes","false","true","yes",-20,"no","yes","n/a","no","no",12250,951,6.8,-84.7,"Sara E. Armbruster","U.S.","Grand Rapids","MI","www.steelcase.com","Public","Figures are for fiscal year ended Feb. 28, 2022. Market value as of March 31, 2023.",2.773e+09,4e+06,2.261e+09,9.51e+08
"930",930,"Advanced Drainage Systems","WMS","Materials","Building Materials, Glass","yes","false","false","yes",NA,"","","n/a","no","no",5635,6841,39.7,21,"D. Scott Barbour","U.S.","Hilliard","OH","www.adspipe.com","Public","Figures are for fiscal year ended March 31, 2022. Market value as of March 31, 2023.",2.769e+09,2.71e+08,2.65e+09,6.841e+09
"931",931,"Allison Transmission Holdings","ALSN","Motor Vehicles & Parts","Motor Vehicles & Parts","yes","false","false","yes",9,"yes","no","n/a","no","no",3500,4172,15.3,20.1,"David S. Graziosi","U.S.","Indianapolis","IN","www.allisontransmission.com","Public","Market value as of March 31, 2023.",2.769e+09,5.31e+08,4.671e+09,4.172e+09
"932",932,"NewMarket","NEU","Chemicals","Chemicals","yes","false","false","no",15,"yes","no","n/a","no","no",2058,3535,17.3,46.4,"Thomas E. Gottwald","U.S.","Richmond","VA","www.newmarket.com","Public","Market value as of March 31, 2023.",2.765e+09,2.8e+08,2.407e+09,3.535e+09
"933",933,"Pure Storage","PSTG","Technology","Computers, Office Equipment","yes","false","false","yes",51,"yes","no","n/a","no","no",5100,7719,26.3,NA,"Charles H. Giancarlo","U.S.","Mountain View","CA","www.purestorage.com","Public","Figures are for fiscal year ended Jan. 31, 2023. Market value as of March 31, 2023.",2.753e+09,7.3e+07,3.544e+09,7.719e+09
"934",934,"Cano Health","CANO","Health Care","Health Care: Medical Facilities","no","true","false","yes",0,"no","no","n/a","no","no",4365,481,70.2,NA,"Mark Kent","U.S.","Miami","FL","www.canohealth.com","Public","Market value as of March 31, 2023.",2.739e+09,2.07e+08,1.929e+09,4.81e+08
"935",935,"Herc Holdings","HRI","Business Services","Equipment Leasing","yes","false","false","yes",NA,"","","n/a","no","no",6600,3328,32.1,47.2,"Lawrence H. Silber","U.S.","Bonita Springs","FL","www.hercrentals.com","Public","Market value as of March 31, 2023.",2.739e+09,3.3e+08,5.957e+09,3.328e+09
"936",936,"Equity Residential","EQR","Financials","Real estate","yes","false","false","no",-8,"no","yes","n/a","no","no",2400,22716,11,-41.7,"Mark J. Parrell","U.S.","Chicago","IL","www.equityapartments.com","Public","A real estate investment trust. Market value as of March 31, 2023.",2.735e+09,7.77e+08,2.0218e+10,2.2716e+10
"937",937,"Toast","TOST","Business Services","Financial Data Services","no","false","false","yes",NA,"","","n/a","no","no",4500,9351,60.2,NA,"Christopher P. Comparato","U.S.","Boston","MA","www.toasttab.com","Public","Market value as of March 31, 2023.",2.731e+09,2.75e+08,1.761e+09,9.351e+09
"938",938,"FirstCash Holdings","FCFS","Retailing","Specialty Retailers: Other","yes","false","false","yes",NA,"","","n/a","no","no",18000,4415,60.6,102.9,"Rick L. Wessel","U.S.","Fort Worth","TX","www.firstcash.com","Public","Market value as of March 31, 2023.",2.729e+09,2.54e+08,3.905e+09,4.415e+09
"939",939,"Webster Financial","WBS","Financials","Commercial Banks","yes","false","false","yes",NA,"","","n/a","no","no",4406,6885,115.2,57.6,"John R. Ciulla","U.S.","Stamford","CT","investors.websterbank.com","Public","Market value as of March 31, 2023.",2.726e+09,6.44e+08,7.1278e+10,6.885e+09
"940",940,"Primerica","PRI","Financials","Insurance: Life, Health (stock)","yes","false","false","no",-45,"no","yes","n/a","no","no",2942,6312,0.4,-0.1,"Glenn J. Williams","U.S.","Duluth","GA","www.primerica.com","Public","Market value as of March 31, 2023.",2.72e+09,3.73e+08,1.5349e+10,6.312e+09
"941",941,"Agilon health","AGL","Health Care","Health Care: Pharmacy and Other Services","no","false","false","yes",NA,"","","n/a","no","no",747,9812,47.2,NA,"Steven J. Sell","U.S.","Austin","TX","www.agilonhealth.com","Public","Includes revenues from discontinued operations. Market value as of March 31, 2023.",2.709e+09,1.07e+08,1.698e+09,9.812e+09
"942",942,"California Resources","CRC","Energy","Mining, Crude-Oil Production","yes","false","false","yes",NA,"","","n/a","no","no",1060,2737,43.3,-14.4,"Francisco J. Leon","U.S.","Long Beach","CA","www.crc.com","Public","Market value as of March 31, 2023.",2.707e+09,5.24e+08,3.967e+09,2.737e+09
"943",943,"Newmark Group","NMRK","Financials","Real estate","yes","false","false","yes",-89,"no","yes","n/a","no","no",6269,1230,-6.9,-88.9,"Barry M. Gosin","U.S.","New York","NY","www.nmrk.com","Public","A partnership. Market value as of March 31, 2023.",2.706e+09,8.3e+07,3.941e+09,1.23e+09
"944",944,"Stericycle","SRCL","Business Services","Waste Management","yes","false","true","no",-42,"no","yes","n/a","no","no",15360,4031,2.2,NA,"Cindy J. Miller","U.S.","Bannockburn","IL","www.stericycle.com","Public","Market value as of March 31, 2023.",2.705e+09,5.6e+07,5.334e+09,4.031e+09
"945",945,"F5","FFIV","Technology","Network and Other Communications Equipment","yes","false","false","yes",-37,"no","yes","n/a","no","no",7054,8023,3.6,-2.7,"Fran?ois Locoh-Donou","U.S.","Seattle","WA","www.f5.com","Public","Figures are for fiscal year ended Sept. 30, 2022. Market value as of March 31, 2023.",2.696e+09,3.22e+08,5.276e+09,8.023e+09
"946",946,"Rollins","ROL","Business Services","Diversified Outsourcing Services","yes","false","false","yes",-16,"no","yes","n/a","no","no",17515,18493,11.2,3.4,"Jerry E. Gahlhoff Jr.","U.S.","Atlanta","GA","www.rollins.com","Public","Market value as of March 31, 2023.",2.696e+09,3.69e+08,2.122e+09,1.8493e+10
"947",947,"Stagwell","STGW","Business Services","Advertising, marketing","yes","false","false","yes",NA,"","","n/a","no","no",11100,2171,82.9,29.6,"Mark Penn","U.S.","New York","NY","www.stagwellglobal.com","Public","Market value as of March 31, 2023.",2.688e+09,2.7e+07,3.993e+09,2.171e+09
"948",948,"Guess","GES","Retailing","Specialty Retailers: Apparel","yes","false","false","no",-37,"no","yes","n/a","no","no",12500,1067,3.7,-12.7,"Carlos E. Alberini","U.S.","Los Angeles","CA","www.guess.com","Public","Incorporated in the U.S. and headquartered in Switzerland. Its North American headquarters are in Los Angeles, Calif. Figures are for fiscal year ended Jan. 31, 2023. Market value as of March 31, 2023.",2.687e+09,1.5e+08,2.425e+09,1.067e+09
"949",949,"Wolverine World Wide","WWW","Apparel","Apparel","no","false","false","no",-15,"no","yes","n/a","no","no",4300,1354,11.2,-374.5,"Christopher E. Hufnagel","U.S.","Rockford","MI","www.wolverineworldwide.com","Public","Market value as of March 31, 2023.",2.685e+09,1.88e+08,2.493e+09,1.354e+09
"950",950,"Installed Building Products","IBP","Engineering & Construction","Homebuilders","yes","false","false","yes",NA,"","","n/a","no","no",10300,3228,35.6,88.1,"Jeffrey W. Edwards","U.S.","Columbus","OH","www.installedbuildingproducts.com","Public","Market value as of March 31, 2023.",2.67e+09,2.23e+08,1.779e+09,3.228e+09
"951",951,"Patterson-UTI Energy","PTEN","Energy","Oil and Gas Equipment, Services","yes","false","false","yes",NA,"","","n/a","no","no",6500,2500,90.9,NA,"William A. Hendricks Jr.","U.S.","Houston","TX","www.patenergy.com","Public","Market value as of March 31, 2023.",2.648e+09,1.55e+08,3.144e+09,2.5e+09
"952",952,"Portland General Electric","POR","Energy","Utilities: Gas and Electric","yes","false","true","yes",-10,"no","yes","n/a","no","no",2873,4373,10.5,-4.5,"Maria M. Pope","U.S.","Portland","OR","www.portlandgeneral.com","Public","Market value as of March 31, 2023.",2.647e+09,2.33e+08,1.0459e+10,4.373e+09
"953",953,"Korn Ferry","KFY","Business Services","Diversified Outsourcing Services","yes","false","false","yes",NA,"","","n/a","no","no",10779,2712,45.2,185.1,"Gary D. Burnison","U.S.","Los Angeles","CA","www.kornferry.com","Public","Figures are for fiscal year ended April 30, 2022. Market value as of March 31, 2023.",2.644e+09,3.26e+08,3.465e+09,2.712e+09
"954",954,"Hawaiian Holdings","HA","Transportation","Airlines","no","false","false","yes",NA,"","","n/a","no","no",7108,471,65.4,NA,"Peter R. Ingram","U.S.","Honolulu","HI","www.hawaiianairlines.com","Public","Market value as of March 31, 2023.",2.641e+09,2.4e+08,4.14e+09,4.71e+08
"955",955,"SBA Communications","SBAC","Financials","Real estate","yes","false","false","yes",2,"yes","no","n/a","no","no",1834,28206,14.1,94.2,"Jeffrey A. Stoops","U.S.","Boca Raton","FL","www.sbasite.com","Public","A real estate investment trust. Market value as of March 31, 2023.",2.634e+09,4.61e+08,1.0585e+10,2.8206e+10
"956",956,"Kontoor Brands","KTB","Apparel","Apparel","yes","false","false","yes",-33,"no","yes","n/a","no","no",14400,2687,6.3,25.6,"Scott H. Baxter","U.S.","Greensboro","NC","www.kontoorbrands.com","Public","Market value as of March 31, 2023.",2.631e+09,2.46e+08,1.582e+09,2.687e+09
"957",957,"East West Bancorp","EWBC","Financials","Commercial Banks","yes","false","false","yes",NA,"","","n/a","no","no",3155,7826,37.6,29.2,"Dominic Ng","U.S.","Pasadena","CA","www.eastwestbank.com","Public","Market value as of March 31, 2023.",2.62e+09,1.128e+09,6.4112e+10,7.826e+09
"958",958,"First Solar","FSLR","Energy","Energy","no","false","false","yes",-109,"no","yes","n/a","no","no",5500,23234,-10.4,-109.4,"Mark R. Widmar","U.S.","Tempe","AZ","www.firstsolar.com","Public","Market value as of March 31, 2023.",2.619e+09,4.4e+07,8.251e+09,2.3234e+10
"959",959,"Belden","BDC","Industrials","Electronics, Electrical Equip.","yes","false","false","yes",-20,"no","yes","n/a","no","no",8000,3722,8.7,298.4,"Ashish Chand","U.S.","St. Louis","MO","www.belden.com","Public","Includes revenues from discontinued operations. Market value as of March 31, 2023.",2.619e+09,2.55e+08,3.162e+09,3.722e+09
"960",960,"Playtika Holding","PLTK","Media","Entertainment","yes","true","false","no",-48,"no","yes","n/a","no","no",3800,4113,1.3,-10.8,"Robert Antokol","U.S.","Henderson","NV","www.playtika.com","Public","Incorporated in the U.S. and headquartered in Israel. Market value as of March 31, 2023.",2.616e+09,2.75e+08,2.698e+09,4.113e+09
"961",961,"Chefs' Warehouse","CHEF","Wholesalers","Wholesalers: Food and Grocery","yes","true","false","yes",NA,"","","n/a","no","no",4124,1347,49.7,NA,"Christopher Pappas","U.S.","Ridgefield","CT","www.chefswarehouse.com","Public","Market value as of March 31, 2023.",2.613e+09,2.8e+07,1.509e+09,1.347e+09
"962",962,"Acadia Healthcare","ACHC","Health Care","Health Care: Medical Facilities","yes","false","false","yes",-18,"no","yes","n/a","no","no",20000,6598,9.8,43.3,"Christopher H. Hunter","U.S.","Franklin","TN","www.acadiahealthcare.com","Public","Market value as of March 31, 2023.",2.61e+09,2.73e+08,4.988e+09,6.598e+09
"963",963,"Amica Mutual Insurance","","Financials","Insurance: Property and Casualty (Mutual)","no","false","false","yes",-83,"no","yes","n/a","no","no",3545,NA,-6.3,-250.4,"Edmiund Shallcross III","U.S.","Lincoln","RI","www.amica.com","Private","Market value as of March 31, 2021.",2.602e+09,1.76e+08,6.487e+09,NA
"964",964,"VICI Properties","VICI","Financials","Real estate","yes","false","false","no",NA,"","","n/a","no","no",23,32757,72.3,10.2,"Edward B. Pitoniak","U.S.","New York","NY","www.viciproperties.com","Public","A real estate investment trust. Market value as of March 31, 2023.",2.601e+09,1.118e+09,3.7576e+10,3.2757e+10
"965",965,"PennyMac Financial Services","PFSI","Financials","Diversified Financials","yes","false","false","no",-310,"no","yes","n/a","no","no",4135,2983,-41.6,-52.6,"David A. Spector","U.S.","Westlake Village","CA","www.pennymacfinancial.com","Public","Market value as of March 31, 2023.",2.599e+09,4.76e+08,1.6823e+10,2.983e+09
"966",966,"PROG Holdings","PRG","Financials","Diversified Financials","yes","false","false","no",-67,"no","yes","n/a","no","no",1692,1126,-3,-59.5,"Steven A. Michaels","U.S.","Draper","UT","www.progholdings.com","Public","Market value as of March 31, 2023.",2.598e+09,9.9e+07,1.492e+09,1.126e+09
"967",967,"ESAB","ESAB","Industrials","Industrial Machinery","yes","false","false","",NA,"","","n/a","no","no",9000,3557,NA,NA,"Shyam P. Kambeyanda","U.S.","North Bethesda","MD","www.esabcorporation.com","Public","Spun off from Enovis, April 4, 2022. Market value as of March 31, 2023.",2.594e+09,2.24e+08,3.754e+09,3.557e+09
"968",968,"AvalonBay Communities","AVB","Financials","Real estate","yes","false","false","yes",-8,"no","yes","n/a","no","no",2903,23515,13,13.2,"Benjamin W. Schall","U.S.","Arlington","VA","www.avalonbay.com","Public","A real estate investment trust. Market value as of March 31, 2023.",2.593e+09,1.137e+09,2.0458e+10,2.3515e+10
"969",969,"Nordson","NDSN","Industrials","Industrial Machinery","yes","false","false","yes",-23,"no","yes","n/a","no","no",7331,12709,9.7,12.9,"Sundaram Nagarajan","U.S.","Westlake","OH","www.nordson.com","Public","Figures are for fiscal year ended Oct. 31, 2022. Market value as of March 31, 2023.",2.59e+09,5.13e+08,3.82e+09,1.2709e+10
"970",970,"Envista Holdings","NVST","Health Care","Medical Products and Equipment","yes","false","false","yes",-118,"no","yes","n/a","no","no",12700,6673,-11.7,-28.6,"Amir Aghdaei","U.S.","Brea","CA","www.envistaco.com","Public","Includes revenues from discontinued operations. Market value as of March 31, 2023.",2.581e+09,2.43e+08,6.587e+09,6.673e+09
"971",971,"ONE Gas","OGS","Energy","Utilities: Gas and Electric","yes","false","false","yes",NA,"","","n/a","no","no",3800,4547,42.5,7.4,"Robert S. McAnnally","U.S.","Tulsa","OK","www.onegas.com","Public","Market value as of March 31, 2023.",2.578e+09,2.22e+08,7.776e+09,4.547e+09
"972",972,"Etsy","ETSY","Technology","Internet Services and Retailing","no","false","false","yes",-19,"no","yes","n/a","no","no",2790,13877,10.2,-240.7,"Joshua G. Silverman","U.S.","Brooklyn","NY","www.etsy.com","Public","Market value as of March 31, 2023.",2.566e+09,6.94e+08,2.635e+09,1.3877e+10
"973",973,"Ashland","ASH","Chemicals","Chemicals","yes","false","false","no",26,"yes","no","n/a","no","no",3900,5574,3.2,321.4,"Guillermo Novo","U.S.","Wilmington","DE","www.ashland.com","Public","Includes revenues from discontinued operations. Changed name from Ashland Global Holdings, Aug. 1, 2022. Figures are for fiscal year ended Sept. 30, 2022. Market value as of March 31, 2023.",2.562e+09,9.27e+08,6.213e+09,5.574e+09
"974",974,"Olympic Steel","ZEUS","Materials","Metals","yes","false","false","yes",-19,"no","yes","n/a","no","no",1668,581,10.7,-24.9,"Richard T. Marabito","U.S.","Highland Hills","OH","www.olysteel.com","Public","Market value as of March 31, 2023.",2.56e+09,9.1e+07,8.92e+08,5.81e+08
"975",975,"Curtiss-Wright","CW","Aerospace & Defense","Aerospace & Defense","yes","false","true","yes",-54,"no","yes","n/a","no","no",8100,6752,2,10.2,"Lynn M. Bamford","U.S.","Davidson","NC","www.curtisswright.com","Public","Market value as of March 31, 2023.",2.557e+09,2.94e+08,4.45e+09,6.752e+09
"976",976,"Black Hills","BKH","Energy","Utilities: Gas and Electric","yes","false","false","yes",NA,"","","n/a","no","no",2982,4182,30.9,9.1,"Linden R. Evans","U.S.","Rapid City","SD","www.blackhillscorp.com","Public","Market value as of March 31, 2023.",2.552e+09,2.58e+08,9.618e+09,4.182e+09
"977",977,"Element Solutions","ESI","Chemicals","Chemicals","yes","false","false","no",-36,"no","yes","n/a","no","no",5300,4661,6.2,-7.9,"Benjamin Gliklich","U.S.","Fort Lauderdale","FL","www.elementsolutionsinc.com","Public","Market value as of March 31, 2023.",2.549e+09,1.87e+08,4.904e+09,4.661e+09
"978",978,"Surgery Partners","SGRY","Health Care","Health Care: Medical Facilities","no","false","false","yes",-2,"no","yes","n/a","no","no",10650,4344,14.1,NA,"J. Eric Evans","U.S.","Brentwood","TN","www.surgerypartners.com","Public","Market value as of March 31, 2023.",2.539e+09,5.5e+07,6.682e+09,4.344e+09
"979",979,"Sabre","SABR","Retailing","Internet Services and Retailing","no","false","false","no",NA,"","","n/a","no","no",7461,1410,50.2,NA,"Kurt J. Ekert","U.S.","Southlake","TX","www.sabre.com","Public","Market value as of March 31, 2023.",2.537e+09,4.35e+08,4.963e+09,1.41e+09
"980",980,"Bruker","BRKR","Technology","Scientific, Photographic and Control Equipment","yes","false","false","yes",-48,"no","yes","n/a","no","no",8525,11568,4.7,7,"Frank H. Laukien","U.S.","Billerica","MA","www.bruker.com","Public","Market value as of March 31, 2023.",2.531e+09,2.97e+08,3.612e+09,1.1568e+10
"981",981,"Vail Resorts","MTN","Hotels, Restaurants & Leisure","Hotels, Casinos, Resorts","yes","false","true","no",NA,"","","n/a","no","no",26200,9424,32.3,172.1,"Kirsten A. Lynch","U.S.","Broomfield","CO","www.vailresorts.com","Public","Figures are for fiscal year ended July 31, 2022. Market value as of March 31, 2023.",2.526e+09,3.48e+08,6.318e+09,9.424e+09
"982",982,"Cooper-Standard Holdings","CPS","Motor Vehicles & Parts","Motor Vehicles & Parts","no","false","false","yes",-30,"no","yes","n/a","no","no",21500,244,8.4,NA,"Jeffrey S. Edwards","U.S.","Northville","MI","www.cooperstandard.com","Public","Market value as of March 31, 2023.",2.525e+09,2.15e+08,1.964e+09,2.44e+08
"983",983,"DocuSign","DOCU","Technology","Computer Software","no","false","false","no",17,"yes","no","n/a","no","no",7336,11771,19.4,NA,"Allan C. Thygesen","U.S.","San Francisco","CA","www.docusign.com","Public","Figures are for fiscal year ended Jan. 31, 2023. Market value as of March 31, 2023.",2.516e+09,9.8e+07,3.013e+09,1.1771e+10
"984",984,"Littelfuse","LFUS","Industrials","Electronics, Electrical Equip.","yes","false","false","yes",NA,"","","n/a","no","no",18000,6648,20.9,31.5,"David W. Heinzmann","U.S.","Chicago","IL","www.littelfuse.com","Public","Market value as of March 31, 2023.",2.514e+09,3.73e+08,3.904e+09,6.648e+09
"985",985,"ModivCare","MODV","Health Care","Health Care: Pharmacy and Other Services","no","false","false","no",NA,"","","n/a","no","no",20000,1190,25.4,NA,"L. Heath Sampson","U.S.","Denver","CO","www.modivcare.com","Public","Market value as of March 31, 2023.",2.512e+09,3.2e+07,1.944e+09,1.19e+09
"986",986,"Wabash National","WNC","Motor Vehicles & Parts","Motor Vehicles & Parts","yes","false","false","yes",NA,"","","n/a","no","no",6900,1175,38.8,9544.2,"Brent L. Yeagy","U.S.","Lafayette","IN","www.onewabash.com","Public","Market value as of March 31, 2023.",2.502e+09,1.12e+08,1.204e+09,1.175e+09
"987",987,"Park Hotels & Resorts","PK","Financials","Real estate","yes","false","false","yes",NA,"","","n/a","no","no",91,2743,83.6,NA,"Thomas J. Baltimore Jr.","U.S.","Tysons","VA","www.pkhotelsandresorts.com","Public","A real estate investment trust. Market value as of March 31, 2023.",2.501e+09,1.62e+08,9.731e+09,2.743e+09
"988",988,"TTM Technologies","TTMI","Technology","Electronics, Electrical Equip.","yes","false","false","yes",-18,"no","yes","n/a","no","no",17800,1384,11,73.8,"Thomas T. Edman","U.S.","Santa Ana","CA","www.ttm.com","Public","Market value as of March 31, 2023.",2.495e+09,9.5e+07,3.324e+09,1.384e+09
"989",989,"Synovus Financial","SNV","Financials","Commercial Banks","yes","false","false","yes",NA,"","","n/a","no","no",5027,4503,18.1,-0.3,"Kevin S. Blair","U.S.","Columbus","GA","www.synovus.com","Public","Market value as of March 31, 2023.",2.485e+09,7.58e+08,5.9731e+10,4.503e+09
"990",990,"Clear Channel Outdoor Holdings","CCO","Business Services","Advertising, marketing","no","false","false","yes",-17,"no","yes","n/a","no","no",4700,573,10.7,NA,"Scott R. Wells","U.S.","San Antonio","TX","www.clearchanneloutdoor.com","Public","Market value as of March 31, 2023.",2.481e+09,9.7e+07,5.086e+09,5.73e+08
"991",991,"Excelerate Energy","EE","Energy","Pipelines","yes","false","false","no",NA,"","","n/a","no","no",890,2397,178.3,-67.6,"Steven M. Kobos","U.S.","The Woodlands","TX","www.excelerateenergy.com","Public","Went public, April 13, 2022. Market value as of March 31, 2023.",2.473e+09,1.3e+07,2.867e+09,2.397e+09
"992",992,"Mr. Cooper Group","COOP","Financials","Diversified Financials","yes","false","false","no",-215,"no","yes","n/a","no","no",6600,2873,-26.3,-36.5,"Jay Bray","U.S.","Coppell","TX","www.mrcoopergroup.com","Public","Market value as of March 31, 2023.",2.464e+09,9.23e+08,1.2776e+10,2.873e+09
"993",993,"Cinemark Holdings","CNK","Media","Entertainment","no","false","false","yes",NA,"","","n/a","no","no",17220,1781,62.5,NA,"Sean Gamble","U.S.","Plano","TX","www.cinemark.com","Public","Market value as of March 31, 2023.",2.455e+09,2.71e+08,4.818e+09,1.781e+09
"994",994,"E.W. Scripps","SSP","Media","Entertainment","yes","false","false","yes",-32,"no","yes","n/a","no","no",5700,793,7.4,59.6,"Adam P. Symson","U.S.","Cincinnati","OH","www.scripps.com","Public","Market value as of March 31, 2023.",2.453e+09,1.96e+08,6.431e+09,7.93e+08
"995",995,"Knights of Columbus","","Financials","Insurance: Life, Health (Mutual)","yes","false","false","no",-70,"no","yes","n/a","no","no",749,NA,-0.6,14.8,"Patrick E. Kelly","U.S.","New Haven","CT","www.kofc.org","Private","Not a mutual company, but reports financial data according to statutory accounting.",2.453e+09,1.5e+08,2.9361e+10,NA
"996",996,"TTEC Holdings","TTEC","Technology","Information Technology Services","yes","true","false","yes",-33,"no","yes","n/a","no","no",69400,1758,7.5,-26.8,"Kenneth D. Tuchman","U.S.","Englewood","CO","www.ttec.com","Public","Market value as of March 31, 2023.",2.444e+09,1.03e+08,2.154e+09,1.758e+09
"997",997,"ProFrac Holding","ACDC","Energy","Oil and Gas Equipment, Services","yes","false","false","yes",NA,"","","n/a","no","no",3664,2013,215.7,NA,"Ladd Wilks","U.S.","Willow Park","TX","www.pfholdingscorp.com","Public","Went public, May 13, 2022. Market value as of March 31, 2023.",2.426e+09,9.2e+07,2.934e+09,2.013e+09
"998",998,"Summit Materials","SUM","Materials","Building Materials, Glass","yes","false","true","no",-61,"no","yes","n/a","no","no",4800,3374,0.1,78.8,"Anne P. Noonan","U.S.","Denver","CO","www.summit-materials.com","Public","Market value as of March 31, 2023.",2.413e+09,2.72e+08,4.256e+09,3.374e+09
"999",999,"Teladoc Health","TDOC","Health Care","Health Care: Pharmacy and Other Services","no","false","false","yes",NA,"","","n/a","no","no",5208,4212,18.4,NA,"Jason Gorevic","U.S.","Purchase","NY","www.teladochealth.com","Public","Market value as of March 31, 2023.",2.407e+09,1.366e+10,4.345e+09,4.212e+09
"1000",1000,"Alliance Resource Partners","ARLP","Energy","Mining, Crude-Oil Production","yes","false","false","yes",NA,"","","n/a","no","no",3371,2566,53.3,224,"Joseph W. Craft III","U.S.","Tulsa","OK","www.arlp.com","Public","A partnership. Market value as of March 31, 2023.",2.407e+09,5.77e+08,2.662e+09,2.566e+09
